exercicio;numero_patrimonio;descricao_bem;codigo_area_carga;valor_atual;situacao_bem
2025;836403;Cadeira giratória com braços;1301;860,63;ATIVO
2025;618378;Nobreak 1500VA;1101;1.003,32;ATIVO
2025;780440;Condicionador de ar split;1102;3.647,54;ATIVO
2025;460410;Cadeira giratória com braços;1301;387,57;ATIVO
2025;988842;Cadeira giratória com braços;1401;416,70;ATIVO
2025;247900;Armário de aço 2 portas;9002;1.790,77;ATIVO
2025;645950;Impressora multifuncional;1401;1.562,25;ATIVO
2025;206.782;Scanner de mesa;1102;1988.57;ATIVO
2025;350775;Cadeira giratória com braços;1202;569,97;ATIVO
2025;674429;Monitor LED 24 polegadas;9002;803,26;ATIVO
2025;709004;Gaveteiro volante;1202;695,18;ATIVO
2025;179432;Monitor LED 24 polegadas;1401;1.063,83;ATIVO
2025;161018;Monitor LED 24 polegadas;9001;1.135,90;ATIVO
2025;924903;Gaveteiro volante;1102;424,89;ATIVO
2025;237582;Monitor LED 24 polegadas;1101;905,94;ATIVO
2025;955615;Condicionador de ar split;1502;4.102,08;Ativo
2025;295534;Cadeira giratória com braços;1502;745.50;ATIVO
2025;579119;Longarina 3 lugares;1201;752,86;ATIVO
2025;747781;Monitor LED 24 polegadas;1501;1.324,38;ATIVO
2025;201526;Gaveteiro volante;9002;381,29;ATIVO
2025;905520;Monitor LED 24 polegadas;1301;1.077,10;Ativo
2025;647906;Nobreak 1500VA;9001;704,52;Ativo
2025;559540;Estação de trabalho;9001;3.599,02;ATIVO
2025;446025;Cadeira giratória com braços;1301;823,75;ATIVO
2025;881807;Impressora multifuncional;9002;2.348,39;ATIVO
2025;532649;Mesa de escritório em L;1601;994,81;ATIVO
2025;905355;Estação de trabalho;1101;3094.07;Ativo
2025;190968;Mesa de escritório em L;1502;965,25;ATIVO
2025;695004;Notebook;9001;6.176,06;ATIVO
2025;672160;Scanner de mesa;9002;2.066,22;ATIVO
2025;286823;Cadeira giratória com braços;1301;358,39;ATIVO
2025;00663171;Scanner de mesa;1202;1.168,06;ATIVO
2025;829910;Armário de aço 2 portas;1502;1.802,63;Ativo
2025;729401;Monitor LED 24 polegadas;1301;1058.17;Ativo
2025;978697;Notebook;9002;6.372,75;ATIVO
2025;436235;Monitor LED 24 polegadas;9001;970.33;ATIVO
2025;947546;Armário de aço 2 portas;1301;1.291,54;Ativo
2025;340695;Condicionador de ar split;1501;2.275,09;ATIVO
2025;584540;Cadeira giratória com braços;9002;817,35;ATIVO
2025;729901;Estação de trabalho;9001;4.956,04;ATIVO
2025;213620;Mesa de escritório em L;1502;1.126,72;Ativo
2025;955172;Condicionador de ar split;1102;2.379,65;ATIVO
2025;718778;Mesa de escritório em L;1301;798,58;ATIVO
2025;317.832;Estação de trabalho;9001;3.115,59;Ativo
2025;335576;Estação de trabalho;1201;4.267,78;ATIVO
2025;341642;Gaveteiro volante;9002;676,83;Ativo
2025;00616396;Notebook;9001;6.714,63;ATIVO
2025;468312;Monitor LED 24 polegadas;9001;779,03;ATIVO
2025;268940;Gaveteiro volante;9002;541,62;ATIVO
2025;896299;Gaveteiro volante;1202;684,09;ATIVO
2025;857505;Notebook;1502;4.715,72;ATIVO
2025;171169;Impressora multifuncional;1101;2.270,89;ATIVO
2025;460609;Armário de aço 2 portas;1101;1.148,89;ATIVO
2025;208849;Scanner de mesa;1501;1.370,87;ATIVO
2025;939677;Cadeira giratória com braços;1102;624,47;ATIVO
2025;783081;Mesa de escritório em L;1301;772,08;ATIVO
2025;394633;Nobreak 1500VA;1301;1.259,34;Ativo
2025;225787;Monitor LED 24 polegadas;1701;654,30;ATIVO
2025;00886909;Cadeira giratória com braços;9002;864,50;ATIVO
2025;941789;Mesa de escritório em L;1101;905,58;ATIVO
2025;237058;Estação de trabalho;1101;3.857,75;ATIVO
2025;953370;Gaveteiro volante;1202;295,47;ATIVO
2025;910.123;Armário de aço 2 portas;1201;1.500,20;Ativo
2025;425916;Monitor LED 24 polegadas;9001;716,11;ATIVO
2025;533273;Armário de aço 2 portas;1401;1416.09;ATIVO
2025;642946;Armário de aço 2 portas;1202;1.012,50;ATIVO
2025;470296;Armário de aço 2 portas;1302;1.471,60;ATIVO
2025;811649;Estação de trabalho;1302;4.983,86;Ativo
2025;772099;Notebook;1501;5.706,01;ATIVO
2025;716741;Notebook;1201;4521.88;ATIVO
2025;103446;Longarina 3 lugares;1501;839.80;ATIVO
2025;836099;Scanner de mesa;1401;1.319,25;ATIVO
2025;570797;Gaveteiro volante;1302;666.62;ATIVO
2025;760955;Estação de trabalho;1502;3.056,26;ATIVO
2025;612530;Mesa de escritório em L;1101;520,81;ATIVO
2025;615474;Monitor LED 24 polegadas;1701;1.140,06;ATIVO
2025;360680;Estação de trabalho;9002;4.390,89;ATIVO
2025;529660;Nobreak 1500VA;9002;763,27;Ativo
2025;00191179;Monitor LED 24 polegadas;1302;701,77;ATIVO
2025;961401;Nobreak 1500VA;9001;1.117,33;Ativo
2025;00347840;Mesa de escritório em L;1101;643,85;ATIVO
2025;525475;Impressora multifuncional;1302;3.268,43;Ativo
2025;439834;Armário de aço 2 portas;1501;1.714,77;Ativo
2025;852563;Estação de trabalho;1201;4.599,32;ATIVO
2025;829292;Monitor LED 24 polegadas;1401;1.101,28;ATIVO
2025;358788;Monitor LED 24 polegadas;1401;1.122,30;ATIVO
2025;921889;Monitor LED 24 polegadas;1302;1.124,39;ATIVO
2025;200356;Mesa de escritório em L;9001;711,04;ATIVO
2025;146059;Armário de aço 2 portas;1401;1.395,58;ATIVO
2025;540749;Cadeira giratória com braços;1501;554,47;ATIVO
2025;765599;Estação de trabalho;9001;3.790,95;ATIVO
2025;564909;Cadeira giratória com braços;9002;729.53;ATIVO
2025;543438;Mesa de escritório em L;9001;875,11;ATIVO
2025;962895;Gaveteiro volante;1201;653,15;ATIVO
2025;982885;Cadeira giratória com braços;1302;568,22;ATIVO
2025;00766234;Monitor LED 24 polegadas;9001;698,80;ATIVO
2025;376938;Longarina 3 lugares;9002;1.077,14;Ativo
2025;314101;Notebook;9001;5.029,42;ATIVO
2025;161.669;Nobreak 1500VA;9002;466,97;ATIVO
2025;430923;Cadeira giratória com braços;1501;649,45;Ativo
2025;139619;Impressora multifuncional;1201;1.415,07;ATIVO
2025;379081;Mesa de escritório em L;1302;1.476,49;ATIVO
2025;314.394;Monitor LED 24 polegadas;1401;1298.84;ATIVO
2025;904733;Notebook;9001;3.554,53;Ativo
2025;951.335;Mesa de escritório em L;9002;639,15;ATIVO
2025;427201;Estação de trabalho;1301;3.266,34;ATIVO
2025;205941;Longarina 3 lugares;1201;440,76;Ativo
2025;254.276;Nobreak 1500VA;1102;1.011,77;ATIVO
2025;899471;Nobreak 1500VA;1201;628,98;ATIVO
2025;765126;Nobreak 1500VA;9001;625.39;ATIVO
2025;545891;Mesa de escritório em L;1601;1.186,91;ATIVO
2025;161905;Impressora multifuncional;1401;3.843,31;ATIVO
2025;00686770;Monitor LED 24 polegadas;9001;1.240,52;ATIVO
2025;200984;Notebook;9001;3.299,00;ATIVO
2025;299426;Monitor LED 24 polegadas;1202;1.148,11;Ativo
2025;945371;Monitor LED 24 polegadas;1202;1.241,23;ATIVO
2025;387998;Gaveteiro volante;1302;382.79;ATIVO
2025;815225;Impressora multifuncional;1301;1.618,23;ATIVO
2025;869145;Cadeira giratória com braços;1201;555.43;ATIVO
2025;00551657;Estação de trabalho;9002;4.115,03;ATIVO
2025;138176;Notebook;1201;3.371,80;Ativo
2025;793962;Armário de aço 2 portas;1302;1191.10;ATIVO
2025;988486;Armário de aço 2 portas;1401;943,52;ATIVO
2025;831802;Impressora multifuncional;1201;3.918,42;ATIVO
2025;547.037;Gaveteiro volante;1502;464,45;ATIVO
2025;732.079;Notebook;9001;6.392,41;ATIVO
2025;727452;Estação de trabalho;1401;4.965,58;ATIVO
2025;117456;Gaveteiro volante;1301;231,95;ATIVO
2025;853427;Nobreak 1500VA;1501;989,77;Ativo
2025;561827;Longarina 3 lugares;1201;880,67;ATIVO
2025;428300;Monitor LED 24 polegadas;1401;980,41;ATIVO
2025;310841;Scanner de mesa;1102;1.103,09;ATIVO
2025;00287042;Mesa de escritório em L;1101;1.595,25;Ativo
2025;817100;Armário de aço 2 portas;1201;618,60;ATIVO
2025;681698;Condicionador de ar split;9002;2.703,97;ATIVO
2025;594747;Nobreak 1500VA;1401;1.008,41;ATIVO
2025;688869;Condicionador de ar split;1401;4.515,25;ATIVO
2025;411605;Notebook;1601;3.895,75;ATIVO
2025;368267;Armário de aço 2 portas;9002;871,51;ATIVO
2025;269.849;Monitor LED 24 polegadas;9001;970,42;ATIVO
2025;916953;Longarina 3 lugares;1601;642,30;ATIVO
2025;556.910;Mesa de escritório em L;1201;809,88;ATIVO
2025;278480;Cadeira giratória com braços;1601;307,40;ATIVO
2025;367137;Monitor LED 24 polegadas;1201;1.178,95;ATIVO
2025;654901;Condicionador de ar split;1502;4.275,58;Ativo
2025;185362;Longarina 3 lugares;9001;1.094,87;ATIVO
2025;742.322;Impressora multifuncional;1202;3.220,71;ATIVO
2025;380.949;Gaveteiro volante;1301;674,18;ATIVO
2025;158846;Monitor LED 24 polegadas;1201;1.272,01;ATIVO
2025;995181;Longarina 3 lugares;1101;916,37;ATIVO
2025;307.447;Cadeira giratória com braços;1201;392,95;ATIVO
2025;611550;Mesa de escritório em L;1301;560,91;ATIVO
2025;112905;Gaveteiro volante;9001;396,97;ATIVO
2025;463926;Gaveteiro volante;9002;307,44;ATIVO
2025;339352;Cadeira giratória com braços;1701;700,69;ATIVO
2025;591292;Gaveteiro volante;1101;491,96;ATIVO
2025;594138;Nobreak 1500VA;1201;561,61;ATIVO
2025;119683;Cadeira giratória com braços;1202;567,30;ATIVO
2025;323424;Monitor LED 24 polegadas;9002;811,21;ATIVO
2025;612546;Cadeira giratória com braços;1601;459,38;ATIVO
2025;883602;Longarina 3 lugares;1601;503,85;ATIVO
2025;876469;Nobreak 1500VA;9001;595,99;ATIVO
2025;515567;Nobreak 1500VA;1502;564,00;ATIVO
2025;553998;Monitor LED 24 polegadas;1102;1.190,72;ATIVO
2025;687506;Notebook;9001;6.041,47;ATIVO
2025;639538;Cadeira giratória com braços;1601;775,87;ATIVO
2025;465372;Monitor LED 24 polegadas;9002;697,08;ATIVO
2025;666359;Longarina 3 lugares;1201;422,02;ATIVO
2025;606193;Monitor LED 24 polegadas;1601;1226.71;ATIVO
2025;573638;Cadeira giratória com braços;1202;809.30;ATIVO
2025;131659;Cadeira giratória com braços;1101;727,05;ATIVO
2025;604839;Longarina 3 lugares;1301;472,49;ATIVO
2025;763321;Notebook;1102;3.563,41;ATIVO
2025;313136;Mesa de escritório em L;1101;1.063,38;ATIVO
2025;921881;Monitor LED 24 polegadas;1502;1.087,99;ATIVO
2025;413326;Armário de aço 2 portas;1401;1.025,89;BAIXADO
2025;789426;Armário de aço 2 portas;1502;1.444,72;ATIVO
2025;765718;Notebook;1502;3.813,06;ATIVO
2025;564617;Estação de trabalho;1401;2.993,88;ATIVO
2025;402969;Cadeira giratória com braços;1601;948,92;ATIVO
2025;00602809;Gaveteiro volante;1502;458,11;ATIVO
2025;989652;Cadeira giratória com braços;1202;893,48;Ativo
2025;216103;Cadeira giratória com braços;9001;812,33;ATIVO
2025;891527;Condicionador de ar split;1201;4.423,96;ATIVO
2025;242022;Mesa de escritório em L;1101;1.263,35;ATIVO
2025;00828179;Nobreak 1500VA;1102;1.189,90;ATIVO
2025;946021;Estação de trabalho;1102;2.918,11;Ativo
2025;304565;Cadeira giratória com braços;1701;302.92;ATIVO
2025;818805;Scanner de mesa;1701;2.048,98;Ativo
2025;769794;Cadeira giratória com braços;1102;779,45;ATIVO
2025;302.149;Cadeira giratória com braços;1401;667,24;Ativo
2025;696413;Cadeira giratória com braços;1401;849,89;ATIVO
2025;411147;Longarina 3 lugares;1202;796,47;ATIVO
2025;514992;Monitor LED 24 polegadas;9001;857,98;ATIVO
2025;247371;Cadeira giratória com braços;1601;872,87;Ativo
2025;915815;Notebook;9001;4.613,46;ATIVO
2025;827285;Condicionador de ar split;9001;3.329,99;ATIVO
2025;261102;Armário de aço 2 portas;1301;1.515,53;ATIVO
2025;703303;Notebook;1401;6.148,61;ATIVO
2025;685267;Mesa de escritório em L;1202;1.466,68;Ativo
2025;384568;Armário de aço 2 portas;1601;1.826,47;BAIXADO
2025;976093;Armário de aço 2 portas;1202;1.266,49;ATIVO
2025;707803;Cadeira giratória com braços;1201;328.95;ATIVO
2025;111.877;Gaveteiro volante;1302;263,82;ATIVO
2025;154403;Monitor LED 24 polegadas;1101;999,52;ATIVO
2025;490953;Mesa de escritório em L;1701;1.594,65;ATIVO
2025;209.483;Impressora multifuncional;1302;3.556,71;Ativo
2025;573404;Mesa de escritório em L;1101;910,92;Ativo
2025;996515;Notebook;9001;5.789,31;ATIVO
2025;127084;Gaveteiro volante;1501;447,08;ATIVO
2025;593456;Mesa de escritório em L;1302;650.73;ATIVO
2025;483997;Estação de trabalho;1401;3.349,54;ATIVO
2025;282197;Cadeira giratória com braços;1601;661,62;ATIVO
2025;578639;Cadeira giratória com braços;1701;644,27;ATIVO
2025;221194;Condicionador de ar split;1701;2.877,53;ATIVO
2025;328100;Condicionador de ar split;1201;3.216,07;ATIVO
2025;00207677;Estação de trabalho;9002;5.117,98;ATIVO
2025;269032;Monitor LED 24 polegadas;1601;1.216,62;ATIVO
2025;360787;Scanner de mesa;1102;2.089,78;Ativo
2025;379266;Armário de aço 2 portas;1502;1.283,46;Ativo
2025;256032;Estação de trabalho;9001;4.901,85;Ativo
2025;969541;Monitor LED 24 polegadas;1101;1391.44;ATIVO
2025;287953;Armário de aço 2 portas;1201;1.772,72;ATIVO
2025;918081;Armário de aço 2 portas;1401;1.505,78;ATIVO
2025;443919;Condicionador de ar split;9001;1.951,78;ATIVO
2025;701601;Cadeira giratória com braços;1202;630,72;ATIVO
2025;741317;Impressora multifuncional;9001;3.756,76;ATIVO
2025;959254;Condicionador de ar split;1401;3.684,24;ATIVO
2025;766173;Longarina 3 lugares;1501;888,08;Ativo
2025;957052;Mesa de escritório em L;1501;728,10;ATIVO
2025;00540626;Nobreak 1500VA;9001;862,99;ATIVO
2025;169612;Cadeira giratória com braços;1202;862,74;Ativo
2025;206563;Notebook;9001;4.140,08;ATIVO
2025;813511;Estação de trabalho;1102;5.017,75;ATIVO
2025;279100;Impressora multifuncional;9002;1515.38;ATIVO
2025;527324;Notebook;9001;6.493,95;ATIVO
2025;996386;Gaveteiro volante;1201;234,03;ATIVO
2025;626408;Armário de aço 2 portas;1101;1.035,64;ATIVO
2025;562823;Mesa de escritório em L;1101;629,29;ATIVO
2025;819147;Notebook;1701;5911.42;ATIVO
2025;374408;Cadeira giratória com braços;9002;903,59;ATIVO
2025;513222;Monitor LED 24 polegadas;1601;1.219,52;ATIVO
2025;266279;Estação de trabalho;9001;3.928,90;ATIVO
2025;441132;Estação de trabalho;1601;4.483,31;ATIVO
2025;267158;Mesa de escritório em L;1101;573.77;ATIVO
2025;381613;Notebook;9001;5.383,15;ATIVO
2025;362443;Armário de aço 2 portas;1102;638,43;Ativo
2025;535231;Mesa de escritório em L;1202;951,95;ATIVO
2025;516763;Monitor LED 24 polegadas;1601;852,02;ATIVO
2025;169851;Longarina 3 lugares;1401;673,01;ATIVO
2025;475386;Gaveteiro volante;1701;330,06;ATIVO
2025;655024;Estação de trabalho;1201;3.557,77;BAIXADO
2025;992433;Estação de trabalho;1101;2835.67;ATIVO
2025;676611;Armário de aço 2 portas;1601;1.588,25;ATIVO
2025;786581;Estação de trabalho;9001;4.398,34;ATIVO
2025;842493;Notebook;9002;6.341,14;ATIVO
2025;00401481;Notebook;9001;4.848,59;ATIVO
2025;524381;Estação de trabalho;1202;5.120,49;ATIVO
2025;230758;Impressora multifuncional;1101;2.130,29;ATIVO
2025;670.525;Cadeira giratória com braços;1101;319.06;ATIVO
2025;483982;Notebook;9001;5478.04;ATIVO
2025;493771;Gaveteiro volante;1101;325,02;ATIVO
2025;168110;Monitor LED 24 polegadas;1201;1.160,94;ATIVO
2025;974610;Mesa de escritório em L;9001;989,43;ATIVO
2025;199064;Estação de trabalho;1301;3.100,96;ATIVO
2025;883109;Estação de trabalho;1401;4.577,95;ATIVO
2025;180433;Mesa de escritório em L;1601;500,80;ATIVO
2025;989837;Cadeira giratória com braços;1101;713,15;Ativo
2025;360349;Cadeira giratória com braços;1501;644,90;ATIVO
2025;183042;Longarina 3 lugares;1201;445,49;ATIVO
2025;627424;Gaveteiro volante;1501;467,36;Ativo
2025;170586;Notebook;9001;5.370,48;ATIVO
2025;359132;Cadeira giratória com braços;1102;790,13;ATIVO
2025;768318;Mesa de escritório em L;9002;1.353,87;Ativo
2025;893830;Impressora multifuncional;1101;2.808,33;ATIVO
2025;614244;Gaveteiro volante;9001;257,96;ATIVO
2025;163926;Cadeira giratória com braços;1101;673,02;ATIVO
2025;488901;Nobreak 1500VA;1201;775,60;ATIVO
2025;610877;Mesa de escritório em L;1302;650.29;ATIVO
2025;795445;Condicionador de ar split;1302;2.915,89;ATIVO
2025;00298727;Cadeira giratória com braços;1202;767,79;ATIVO
2025;901092;Cadeira giratória com braços;1201;894,08;ATIVO
2025;228600;Longarina 3 lugares;1301;677,26;ATIVO
2025;789359;Monitor LED 24 polegadas;9001;744,72;ATIVO
2025;920001;Longarina 3 lugares;1502;547.46;ATIVO
2025;800729;Impressora multifuncional;1701;1.487,90;ATIVO
2025;585240;Cadeira giratória com braços;9001;437,58;Ativo
2025;531798;Estação de trabalho;1302;5.008,32;ATIVO
2025;176761;Cadeira giratória com braços;9002;510,88;ATIVO
2025;224766;Condicionador de ar split;1201;3349.23;ATIVO
2025;494848;Gaveteiro volante;1401;460,54;ATIVO
2025;421201;Cadeira giratória com braços;1401;925,73;ATIVO
2025;458580;Nobreak 1500VA;9001;733,98;Ativo
2025;00134744;Cadeira giratória com braços;9001;589,35;ATIVO
2025;766521;Nobreak 1500VA;9001;876,77;ATIVO
2025;528988;Mesa de escritório em L;1202;1.060,17;ATIVO
2025;647884;Cadeira giratória com braços;1701;285,15;Ativo
2025;480616;Monitor LED 24 polegadas;9001;650,79;ATIVO
2025;459173;Cadeira giratória com braços;9002;737,27;ATIVO
2025;128951;Cadeira giratória com braços;1102;317,56;ATIVO
2025;239985;Notebook;9001;5.777,80;BAIXADO
2025;404992;Cadeira giratória com braços;9002;435,70;ATIVO
2025;854802;Cadeira giratória com braços;1601;490,62;Ativo
2025;227852;Cadeira giratória com braços;1401;827,73;ATIVO
2025;779980;Monitor LED 24 polegadas;9001;1.128,64;Ativo
2025;732644;Cadeira giratória com braços;9002;527,80;ATIVO
2025;190510;Armário de aço 2 portas;1601;1.592,35;ATIVO
2025;192020;Estação de trabalho;1401;4.395,44;ATIVO
2025;678.700;Notebook;9001;3.554,69;ATIVO
2025;825092;Estação de trabalho;9001;3.183,27;ATIVO
2025;917653;Longarina 3 lugares;1501;626,62;ATIVO
2025;222999;Monitor LED 24 polegadas;9001;960,36;ATIVO
2025;347481;Estação de trabalho;1701;3.542,04;ATIVO
2025;853451;Mesa de escritório em L;1201;601.67;ATIVO
2025;505068;Nobreak 1500VA;9001;1.084,23;ATIVO
2025;404613;Cadeira giratória com braços;9002;312,99;ATIVO
2025;390844;Notebook;9002;4396.75;ATIVO
2025;869658;Armário de aço 2 portas;1202;907,99;ATIVO
2025;202354;Longarina 3 lugares;1301;506,70;ATIVO
2025;662302;Monitor LED 24 polegadas;1102;670,49;ATIVO
2025;797150;Monitor LED 24 polegadas;9001;1.250,28;ATIVO
2025;760278;Cadeira giratória com braços;1301;616,16;Ativo
2025;724489;Gaveteiro volante;1201;311,17;ATIVO
2025;862669;Mesa de escritório em L;1202;1.404,42;ATIVO
2025;126416;Impressora multifuncional;9001;2.389,92;ATIVO
2025;268359;Estação de trabalho;9001;5.134,13;ATIVO
2025;709301;Cadeira giratória com braços;1102;832,57;ATIVO
2025;822658;Mesa de escritório em L;1301;1.252,93;ATIVO
2025;682049;Notebook;9001;4.506,86;ATIVO
2025;468631;Impressora multifuncional;1201;2.946,57;ATIVO
2025;100932;Nobreak 1500VA;1302;492,58;ATIVO
2025;659285;Gaveteiro volante;1102;459,81;ATIVO
2025;548.604;Estação de trabalho;9001;3490.03;ATIVO
2025;105613;Impressora multifuncional;9001;3.170,87;ATIVO
2025;348913;Mesa de escritório em L;1401;1.104,34;ATIVO
2025;645367;Gaveteiro volante;1502;334,89;ATIVO
2025;333391;Scanner de mesa;9002;945,82;ATIVO
2025;742654;Monitor LED 24 polegadas;1301;1.201,62;ATIVO
2025;953611;Impressora multifuncional;1301;2.925,75;ATIVO
2025;797.077;Monitor LED 24 polegadas;9001;1.078,81;ATIVO
2025;121966;Gaveteiro volante;1102;372,47;ATIVO
2025;500888;Monitor LED 24 polegadas;1102;1.286,48;ATIVO
2025;767252;Notebook;1601;5.089,92;ATIVO
2025;652051;Mesa de escritório em L;1501;1.413,05;ATIVO
2025;805381;Estação de trabalho;1401;4.239,75;ATIVO
2025;795388;Gaveteiro volante;9002;281,22;ATIVO
2025;251594;Mesa de escritório em L;1101;1.199,54;ATIVO
2025;645567;Nobreak 1500VA;1502;898,94;ATIVO
2025;189120;Mesa de escritório em L;1501;573,81;ATIVO
2025;658102;Mesa de escritório em L;9002;1.059,80;ATIVO
2025;00386938;Cadeira giratória com braços;9002;348,64;ATIVO
2025;943571;Nobreak 1500VA;1501;914,49;Ativo
2025;727825;Armário de aço 2 portas;9002;970,03;Ativo
2025;483248;Cadeira giratória com braços;1601;545,75;ATIVO
2025;681885;Monitor LED 24 polegadas;1201;1.054,43;ATIVO
2025;150716;Cadeira giratória com braços;1301;659,20;ATIVO
2025;555221;Cadeira giratória com braços;1701;691,54;ATIVO
2025;139.972;Monitor LED 24 polegadas;1101;1.335,51;Ativo
2025;506756;Estação de trabalho;1102;3.939,95;Ativo
2025;767303;Condicionador de ar split;1502;4.091,35;ATIVO
2025;522225;Impressora multifuncional;1601;1.982,13;ATIVO
2025;909812;Monitor LED 24 polegadas;1101;1.388,06;ATIVO
2025;479084;Mesa de escritório em L;1102;860,85;ATIVO
2025;853107;Estação de trabalho;9001;2.885,10;ATIVO
2025;490496;Notebook;9001;4.259,88;ATIVO
2025;854607;Condicionador de ar split;1401;2.467,57;ATIVO
2025;753966;Mesa de escritório em L;1101;1.134,69;ATIVO
2025;509239;Monitor LED 24 polegadas;9001;1.187,15;ATIVO
2025;171756;Cadeira giratória com braços;1102;895,23;Ativo
2025;258299;Cadeira giratória com braços;1301;360,52;Ativo
2025;585291;Cadeira giratória com braços;1501;509,62;ATIVO
2025;588165;Cadeira giratória com braços;9002;858,86;ATIVO
2025;00328581;Mesa de escritório em L;1501;500,83;ATIVO
2025;347059;Estação de trabalho;9002;4.632,06;ATIVO
2025;814342;Mesa de escritório em L;1601;880.91;ATIVO
2025;514847;Armário de aço 2 portas;1201;1.040,89;ATIVO
2025;676288;Nobreak 1500VA;1101;1.073,08;ATIVO
2025;775677;Armário de aço 2 portas;9002;1.424,78;ATIVO
2025;579548;Notebook;9001;4.542,38;ATIVO
2025;190494;Notebook;1201;4.312,43;ATIVO
2025;900717;Monitor LED 24 polegadas;9001;1.340,32;ATIVO
2025;671834;Notebook;1401;6.699,99;ATIVO
2025;278663;Armário de aço 2 portas;1701;1.235,12;ATIVO
2025;108141;Estação de trabalho;1102;3.070,21;ATIVO
2025;222257;Impressora multifuncional;9001;1.524,73;ATIVO
2025;154194;Gaveteiro volante;1502;236,54;ATIVO
2025;497216;Armário de aço 2 portas;1401;1.774,16;ATIVO
2025;779938;Mesa de escritório em L;1301;1348.50;ATIVO
2025;970427;Scanner de mesa;1202;1.201,64;ATIVO
2025;537257;Nobreak 1500VA;9002;1.254,68;ATIVO
2025;755909;Estação de trabalho;1501;3248.19;ATIVO
2025;645992;Monitor LED 24 polegadas;1701;1.211,85;ATIVO
2025;510114;Monitor LED 24 polegadas;1301;1321.19;ATIVO
2025;763170;Cadeira giratória com braços;1301;372,03;ATIVO
2025;413444;Monitor LED 24 polegadas;1201;1.108,41;ATIVO
2025;121925;Monitor LED 24 polegadas;1101;844,45;ATIVO
2025;593.336;Gaveteiro volante;9001;398,15;ATIVO
2025;231087;Monitor LED 24 polegadas;1501;1.023,09;ATIVO
2025;571119;Estação de trabalho;1301;4269.31;ATIVO
2025;674301;Longarina 3 lugares;1501;1095.49;Ativo
2025;995885;Estação de trabalho;1701;5.028,49;ATIVO
2025;346664;Cadeira giratória com braços;1601;690,62;Ativo
2025;689654;Cadeira giratória com braços;1102;847,21;ATIVO
2025;437037;Estação de trabalho;9001;3.683,16;ATIVO
2025;199247;Gaveteiro volante;1201;452,63;ATIVO
2025;173867;Notebook;1201;5.988,80;Ativo
2025;160518;Notebook;1501;5.696,94;ATIVO
2025;633971;Mesa de escritório em L;1701;1.036,92;Ativo
2025;359580;Cadeira giratória com braços;1302;502.95;ATIVO
2025;262512;Impressora multifuncional;9002;1.606,94;ATIVO
2025;915269;Cadeira giratória com braços;9002;612,17;ATIVO
2025;912256;Monitor LED 24 polegadas;1501;1.270,87;ATIVO
2025;631981;Cadeira giratória com braços;1102;443,92;ATIVO
2025;00108660;Mesa de escritório em L;9001;647,76;ATIVO
2025;429578;Impressora multifuncional;1205;3.765,42;ATIVO
2025;00468281;Scanner de mesa;1201;1.222,89;ATIVO
2025;415.533;Estação de trabalho;9001;4.901,75;ATIVO
2025;714123;Longarina 3 lugares;1102;678,17;ATIVO
2025;286086;Scanner de mesa;1201;2.102,03;ATIVO
2025;975187;Cadeira giratória com braços;1501;929,76;ATIVO
2025;945113;Estação de trabalho;9001;4.263,70;ATIVO
2025;507297;Estação de trabalho;1501;3.508,74;ATIVO
2025;410015;Monitor LED 24 polegadas;1301;691.09;ATIVO
2025;416.993;Mesa de escritório em L;9001;1.281,30;ATIVO
2025;346188;Cadeira giratória com braços;1102;674,68;ATIVO
2025;611786;Notebook;9001;6491.73;ATIVO
2025;243073;Notebook;9002;6.468,56;ATIVO
2025;563785;Gaveteiro volante;1302;663,03;Ativo
2025;137863;Gaveteiro volante;1202;266,46;ATIVO
2025;432112;Longarina 3 lugares;1601;431,90;Ativo
2025;943134;Impressora multifuncional;9002;4.103,35;ATIVO
2025;389704;Nobreak 1500VA;1101;835,36;ATIVO
2025;820231;Gaveteiro volante;1201;629.25;ATIVO
2025;184.069;Condicionador de ar split;1601;4.411,51;ATIVO
2025;550082;Monitor LED 24 polegadas;1202;1324.16;ATIVO
2025;519574;Estação de trabalho;9001;2.955,94;ATIVO
2025;464391;Scanner de mesa;9002;1.094,29;Ativo
2025;574.949;Monitor LED 24 polegadas;1401;1.042,00;ATIVO
2025;00799125;Monitor LED 24 polegadas;9001;1.075,88;ATIVO
2025;990565;Nobreak 1500VA;1202;460,98;Ativo
2025;731875;Longarina 3 lugares;9002;492,44;ATIVO
2025;628033;Estação de trabalho;9002;3.843,72;ATIVO
2025;717492;Estação de trabalho;1302;3.873,37;ATIVO
2025;829567;Condicionador de ar split;9002;4.248,69;ATIVO
2025;328782;Notebook;9001;5.005,96;Ativo
2025;927669;Gaveteiro volante;9002;493,29;ATIVO
2025;822822;Mesa de escritório em L;1701;1.487,96;ATIVO
2025;471834;Monitor LED 24 polegadas;1202;1.303,01;ATIVO
2025;198292;Condicionador de ar split;1301;1.929,34;ATIVO
2025;129708;Armário de aço 2 portas;1601;1.329,63;ATIVO
2025;865118;Cadeira giratória com braços;1101;742,79;ATIVO
2025;635445;Armário de aço 2 portas;9002;1.343,81;ATIVO
2025;421435;Nobreak 1500VA;1302;1.089,67;ATIVO
2025;949035;Impressora multifuncional;1101;2.188,42;Ativo
2025;213409;Longarina 3 lugares;1101;858,37;ATIVO
2025;560.571;Armário de aço 2 portas;9002;1.454,48;ATIVO
2025;677.486;Monitor LED 24 polegadas;9001;942,40;Ativo
2025;109015;Nobreak 1500VA;9001;1.003,25;ATIVO
2025;212.779;Cadeira giratória com braços;1102;726,55;ATIVO
2025;507366;Impressora multifuncional;9002;3.463,75;ATIVO
2025;565179;Armário de aço 2 portas;1101;760.54;Ativo
2025;00143935;Nobreak 1500VA;1101;943,45;ATIVO
2025;480.267;Estação de trabalho;9001;4.257,89;ATIVO
2025;577252;Estação de trabalho;1102;3.160,64;ATIVO
2025;180490;Monitor LED 24 polegadas;1202;1.387,74;ATIVO
2025;391889;Estação de trabalho;1102;5.147,22;ATIVO
2025;303190;Estação de trabalho;1301;3.903,04;ATIVO
2025;275275;Estação de trabalho;9001;5.042,63;ATIVO
2025;366564;Nobreak 1500VA;1101;805,42;ATIVO
2025;626034;Mesa de escritório em L;1301;1.024,58;ATIVO
2025;333771;Cadeira giratória com braços;1301;631,47;ATIVO
2025;561.953;Scanner de mesa;1601;2.352,24;ATIVO
2025;596984;Mesa de escritório em L;1301;476.72;ATIVO
2025;887406;Estação de trabalho;9001;3.468,56;ATIVO
2025;868021;Notebook;9001;3.271,06;ATIVO
2025;608988;Estação de trabalho;9002;5.134,91;ATIVO
2025;146765;Mesa de escritório em L;1401;856,34;Ativo
2025;00985401;Cadeira giratória com braços;1401;792,54;ATIVO
2025;128750;Estação de trabalho;9002;4.542,94;Ativo
2025;520754;Scanner de mesa;9001;937,12;ATIVO
2025;181106;Monitor LED 24 polegadas;1202;820,52;ATIVO
2025;758616;Longarina 3 lugares;1301;710,86;ATIVO
2025;185698;Estação de trabalho;1102;3.519,18;ATIVO
2025;873499;Mesa de escritório em L;9002;1.169,50;ATIVO
2025;219351;Longarina 3 lugares;9002;476,69;ATIVO
2025;911139;Longarina 3 lugares;1501;598,10;ATIVO
2025;765871;Nobreak 1500VA;1302;975,52;ATIVO
2025;421271;Longarina 3 lugares;1101;806,82;ATIVO
2025;687336;Nobreak 1500VA;9001;1272.91;ATIVO
2025;870904;Scanner de mesa;1101;1.888,88;ATIVO
2025;955497;Estação de trabalho;1401;3.104,56;ATIVO
2025;212646;Monitor LED 24 polegadas;1301;1.295,71;Ativo
2025;211066;Armário de aço 2 portas;1601;1.471,53;ATIVO
2025;782188;Armário de aço 2 portas;1701;1.722,50;ATIVO
2025;746993;Estação de trabalho;1601;3.912,40;Ativo
2025;00429841;Estação de trabalho;1101;4.196,85;ATIVO
2025;514723;Estação de trabalho;9001;3.036,66;ATIVO
2025;775777;Impressora multifuncional;1102;3.686,87;Ativo
2025;431773;Estação de trabalho;1201;5.049,68;ATIVO
2025;985426;Cadeira giratória com braços;9002;819,89;ATIVO
2025;241544;Monitor LED 24 polegadas;1401;1119.44;ATIVO
2025;367710;Cadeira giratória com braços;1102;374,95;ATIVO
2025;504766;Impressora multifuncional;9001;3.177,53;ATIVO
2025;939656;Scanner de mesa;1102;2485.52;ATIVO
2025;233956;Monitor LED 24 polegadas;1202;665,69;ATIVO
2025;492781;Armário de aço 2 portas;1601;1.862,26;ATIVO
2025;905350;Mesa de escritório em L;1201;478,56;Ativo
2025;683009;Nobreak 1500VA;9001;525,32;ATIVO
2025;971134;Notebook;9001;4.136,49;ATIVO
2025;413121;Monitor LED 24 polegadas;9001;776,42;ATIVO
2025;756901;Estação de trabalho;9001;4.489,10;Ativo
2025;722094;Estação de trabalho;9001;2.827,22;ATIVO
2025;740404;Estação de trabalho;1202;4.121,29;ATIVO
2025;707429;Armário de aço 2 portas;1501;767,21;Ativo
2025;404244;Gaveteiro volante;1201;694,64;ATIVO
2025;739907;Nobreak 1500VA;1601;902,75;ATIVO
2025;787899;Monitor LED 24 polegadas;9001;723,19;ATIVO
2025;430227;Mesa de escritório em L;1302;1.149,68;ATIVO
2025;480009;Notebook;9002;5.152,78;ATIVO
2025;247996;Monitor LED 24 polegadas;1101;1.050,18;ATIVO
2025;00444242;Mesa de escritório em L;1301;771,13;ATIVO
2025;715729;Estação de trabalho;1302;4.727,29;ATIVO
2025;929582;Gaveteiro volante;1101;434,12;ATIVO
2025;922665;Cadeira giratória com braços;1302;565,73;ATIVO
2025;136344;Estação de trabalho;1202;3.169,97;Ativo
2025;538914;Cadeira giratória com braços;1102;655.35;ATIVO
2025;897075;Armário de aço 2 portas;9002;1.050,37;ATIVO
2025;102226;Cadeira giratória com braços;1102;426,60;Ativo
2025;806242;Cadeira giratória com braços;1302;651,79;ATIVO
2025;399754;Longarina 3 lugares;1102;901.23;ATIVO
2025;00858365;Monitor LED 24 polegadas;1101;793,94;Ativo
2025;281072;Mesa de escritório em L;1302;1.096,25;Ativo
2025;493448;Condicionador de ar split;1205;3242.38;ATIVO
2025;764721;Estação de trabalho;1701;3.186,21;Ativo
2025;815607;Gaveteiro volante;1301;645,40;ATIVO
2025;441020;Impressora multifuncional;1601;1.603,06;ATIVO
2025;346305;Monitor LED 24 polegadas;9002;1.141,51;ATIVO
2025;312107;Nobreak 1500VA;9002;1022.19;ATIVO
2025;584384;Gaveteiro volante;1401;682,84;ATIVO
2025;00626859;Scanner de mesa;9001;1.524,36;ATIVO
2025;726899;Notebook;1301;3.534,11;ATIVO
2025;00220027;Cadeira giratória com braços;1301;289,78;Ativo
2025;336401;Nobreak 1500VA;1501;789,41;ATIVO
2025;512678;Estação de trabalho;1201;5.146,73;ATIVO
2025;343277;Estação de trabalho;1301;3.580,06;Ativo
2025;932303;Estação de trabalho;1101;4.857,22;ATIVO
2025;752391;Cadeira giratória com braços;1201;877.12;Ativo
2025;768041;Monitor LED 24 polegadas;1501;1.025,84;ATIVO
2025;642272;Notebook;9002;3.609,76;ATIVO
2025;969760;Monitor LED 24 polegadas;1601;1.251,14;ATIVO
2025;378552;Cadeira giratória com braços;1301;409,86;ATIVO
2025;272654;Armário de aço 2 portas;1102;799.79;ATIVO
2025;988364;Monitor LED 24 polegadas;1301;678,09;ATIVO
2025;469555;Cadeira giratória com braços;1201;413,40;ATIVO
2025;366103;Estação de trabalho;9001;4.273,81;ATIVO
2025;915949;Longarina 3 lugares;1202;421,39;ATIVO
2025;698986;Estação de trabalho;1601;4.586,62;ATIVO
2025;693868;Cadeira giratória com braços;1101;499,74;ATIVO
2025;883375;Cadeira giratória com braços;9001;417,27;ATIVO
2025;141191;Monitor LED 24 polegadas;9001;733,38;ATIVO
2025;00931208;Monitor LED 24 polegadas;1401;1.303,12;ATIVO
2025;147268;Monitor LED 24 polegadas;1101;1.384,14;ATIVO
2025;239872;Cadeira giratória com braços;1301;887,15;ATIVO
2025;359247;Notebook;1701;4.695,70;ATIVO
2025;378040;Cadeira giratória com braços;1501;403,42;ATIVO
2025;852707;Nobreak 1500VA;1301;972.31;ATIVO
2025;725105;Estação de trabalho;1502;4.064,66;ATIVO
2025;898301;Mesa de escritório em L;1102;718,03;ATIVO
2025;845463;Gaveteiro volante;1401;486,23;Ativo
2025;605709;Longarina 3 lugares;1701;1.053,21;ATIVO
2025;250.772;Mesa de escritório em L;1102;734,24;ATIVO
2025;181371;Gaveteiro volante;1502;265,68;ATIVO
2025;149444;Impressora multifuncional;9001;2786.53;ATIVO
2025;812711;Monitor LED 24 polegadas;9001;935,73;ATIVO
2025;00696210;Monitor LED 24 polegadas;1601;877,24;ATIVO
2025;772011;Condicionador de ar split;1302;2.534,28;ATIVO
2025;377724;Impressora multifuncional;1601;2.912,77;ATIVO
2025;00285787;Monitor LED 24 polegadas;1301;763,54;ATIVO
2025;458904;Estação de trabalho;1701;4.931,17;ATIVO
2025;900761;Mesa de escritório em L;1501;913,88;Ativo
2025;609.194;Notebook;1202;5.864,40;ATIVO
2025;578988;Condicionador de ar split;1202;4.226,90;ATIVO
2025;319055;Cadeira giratória com braços;1301;908,14;ATIVO
2025;662900;Estação de trabalho;9001;3.829,04;ATIVO
2025;253410;Estação de trabalho;1502;3.507,18;ATIVO
2025;718155;Gaveteiro volante;1301;579,50;ATIVO
2025;373647;Cadeira giratória com braços;1301;606,25;Ativo
2025;727841;Cadeira giratória com braços;1701;448,30;ATIVO
2025;00935726;Armário de aço 2 portas;9002;1.006,13;ATIVO
2025;157997;Impressora multifuncional;9001;1.871,65;ATIVO
2025;321198;Scanner de mesa;1502;1.952,75;ATIVO
2025;958061;Cadeira giratória com braços;1401;871,03;ATIVO
2025;700111;Condicionador de ar split;9002;4.205,51;ATIVO
2025;689000;Gaveteiro volante;1102;636,22;ATIVO
2025;378377;Gaveteiro volante;1102;632.52;ATIVO
2025;00746615;Cadeira giratória com braços;1101;415,32;ATIVO
2025;589.601;Mesa de escritório em L;1101;1.046,06;ATIVO
2025;00210181;Condicionador de ar split;1301;4.121,80;ATIVO
2025;547004;Mesa de escritório em L;1102;1.080,95;ATIVO
2025;120389;Cadeira giratória com braços;1201;487,25;ATIVO
2025;244275;Monitor LED 24 polegadas;9001;1.313,78;Ativo
2025;483900;Impressora multifuncional;9002;3.978,33;Ativo
2025;380584;Cadeira giratória com braços;1501;754.84;ATIVO
2025;144060;Estação de trabalho;1101;3.792,14;ATIVO
2025;653112;Cadeira giratória com braços;1101;817,16;ATIVO
2025;436220;Cadeira giratória com braços;9002;599,31;ATIVO
2025;302439;Gaveteiro volante;1502;359,39;ATIVO
2025;478276;Monitor LED 24 polegadas;1701;1.125,61;ATIVO
2025;392584;Estação de trabalho;1101;3.476,58;Ativo
2025;957891;Notebook;1501;3.490,10;ATIVO
2025;527431;Nobreak 1500VA;9001;1.050,02;ATIVO
2025;549399;Monitor LED 24 polegadas;1501;1.222,19;ATIVO
2025;254375;Monitor LED 24 polegadas;9001;1286.14;ATIVO
2025;854942;Impressora multifuncional;9001;2.869,88;ATIVO
2025;791018;Cadeira giratória com braços;1301;529,42;Ativo
2025;515624;Cadeira giratória com braços;1101;613,48;ATIVO
2025;583445;Gaveteiro volante;9002;585.68;ATIVO
2025;475993;Notebook;9001;3.340,70;Ativo
2025;217970;Monitor LED 24 polegadas;1502;1.380,71;ATIVO
2025;156360;Cadeira giratória com braços;1201;379,11;Ativo
2025;153850;Monitor LED 24 polegadas;1501;1285.75;ATIVO
2025;462358;Notebook;1502;3.634,99;ATIVO
2025;824.612;Notebook;9001;4.091,13;ATIVO
2025;332344;Monitor LED 24 polegadas;1601;849,71;ATIVO
2025;00167685;Mesa de escritório em L;1301;662,05;ATIVO
2025;820899;Mesa de escritório em L;1302;570,94;ATIVO
2025;392.591;Scanner de mesa;9001;1.632,90;ATIVO
2025;740747;Condicionador de ar split;1501;3.217,62;Ativo
2025;984648;Monitor LED 24 polegadas;1101;802,85;ATIVO
2025;421732;Estação de trabalho;1102;4.396,14;ATIVO
2025;324235;Cadeira giratória com braços;1101;895,43;ATIVO
2025;339738;Cadeira giratória com braços;9002;470,66;ATIVO
2025;915783;Cadeira giratória com braços;9002;501,80;Ativo
2025;892473;Mesa de escritório em L;1502;1.388,68;ATIVO
2025;251916;Mesa de escritório em L;1102;676,45;ATIVO
2025;878356;Monitor LED 24 polegadas;1501;959,84;ATIVO
2025;229406;Gaveteiro volante;1101;447,51;ATIVO
2025;982391;Condicionador de ar split;1202;2.422,86;ATIVO
2025;519098;Impressora multifuncional;1401;1608.86;ATIVO
2025;288190;Notebook;1701;4.664,67;Ativo
2025;919014;Nobreak 1500VA;1102;670,40;Ativo
2025;137793;Longarina 3 lugares;1201;761,23;ATIVO
2025;415773;Longarina 3 lugares;1101;715,72;ATIVO
2025;255155;Armário de aço 2 portas;1301;770,22;ATIVO
2025;933379;Impressora multifuncional;1701;3.495,92;ATIVO
2025;949.920;Monitor LED 24 polegadas;9001;1.320,81;ATIVO
2025;939069;Longarina 3 lugares;1401;483,78;ATIVO
2025;164831;Scanner de mesa;1401;2.030,18;ATIVO
2025;00574851;Estação de trabalho;9001;3.344,04;ATIVO
2025;400182;Monitor LED 24 polegadas;9001;1.266,55;ATIVO
2025;481907;Cadeira giratória com braços;1502;460,04;ATIVO
2025;783.354;Gaveteiro volante;9002;312,06;ATIVO
2025;991155;Armário de aço 2 portas;1601;733,39;ATIVO
2025;562324;Gaveteiro volante;9001;648,52;ATIVO
2025;347117;Mesa de escritório em L;1201;1407.12;ATIVO
2025;771950;Monitor LED 24 polegadas;1501;754,14;ATIVO
2025;328499;Estação de trabalho;1401;3.359,28;ATIVO
2025;183963;Notebook;9001;3.222,41;ATIVO
2025;296891;Notebook;1201;5.778,05;ATIVO
2025;893868;Cadeira giratória com braços;1701;332,37;ATIVO
2025;816437;Estação de trabalho;1202;2.869,71;ATIVO
2025;713376;Monitor LED 24 polegadas;9002;977,78;ATIVO
2025;264092;Monitor LED 24 polegadas;9001;1.287,30;ATIVO
2025;648074;Nobreak 1500VA;1501;1.160,56;ATIVO
2025;258208;Cadeira giratória com braços;1101;652.08;ATIVO
2025;728489;Monitor LED 24 polegadas;9001;1.091,02;ATIVO
2025;482.075;Monitor LED 24 polegadas;1401;1.034,87;ATIVO
2025;278213;Longarina 3 lugares;9002;618.22;ATIVO
2025;224.695;Mesa de escritório em L;9002;1.116,98;ATIVO
2025;652135;Nobreak 1500VA;1601;818,90;ATIVO
2025;511200;Estação de trabalho;1101;4.490,17;ATIVO
2025;840759;Mesa de escritório em L;1201;1.091,66;ATIVO
2025;149073;Estação de trabalho;9002;5.117,31;ATIVO
2025;120081;Estação de trabalho;9001;4.532,01;ATIVO
2025;618420;Notebook;9001;4362.58;ATIVO
2025;244606;Cadeira giratória com braços;1102;894,13;ATIVO
2025;815191;Mesa de escritório em L;9002;789,63;ATIVO
2025;691865;Longarina 3 lugares;9001;853,27;ATIVO
2025;394145;Condicionador de ar split;1501;2.780,58;Ativo
2025;834626;Impressora multifuncional;1201;2932.17;Ativo
2025;468956;Cadeira giratória com braços;1401;789,85;ATIVO
2025;569887;Monitor LED 24 polegadas;1102;1.268,08;Ativo
2025;610861;Gaveteiro volante;9002;536,67;ATIVO
2025;860857;Estação de trabalho;1701;4.085,29;ATIVO
2025;317489;Cadeira giratória com braços;1302;497,88;ATIVO
2025;354910;Longarina 3 lugares;9002;1.043,08;ATIVO
2025;964532;Monitor LED 24 polegadas;1101;1281.35;ATIVO
2025;875786;Gaveteiro volante;1102;474,27;ATIVO
2025;627196;Notebook;9002;3.223,48;Ativo
2025;555117;Monitor LED 24 polegadas;1302;884,94;Ativo
2025;808453;Mesa de escritório em L;1501;1.404,80;ATIVO
2025;888.363;Monitor LED 24 polegadas;1501;890,48;ATIVO
2025;746125;Gaveteiro volante;1701;639,49;ATIVO
2025;511065;Monitor LED 24 polegadas;1301;821,12;ATIVO
2025;536711;Impressora multifuncional;1102;2.211,32;ATIVO
2025;00304487;Nobreak 1500VA;9001;507,57;ATIVO
2025;131850;Cadeira giratória com braços;1202;629.27;ATIVO
2025;680684;Armário de aço 2 portas;1601;1.405,72;ATIVO
2025;879439;Estação de trabalho;1201;2.988,47;ATIVO
2025;330682;Monitor LED 24 polegadas;1501;1.149,98;ATIVO
2025;387.023;Cadeira giratória com braços;1201;883,01;ATIVO
2025;00667299;Nobreak 1500VA;1502;1.132,57;ATIVO
2025;161380;Notebook;9002;5.206,35;Ativo
2025;00732618;Nobreak 1500VA;1202;729,77;ATIVO
2025;723577;Armário de aço 2 portas;1302;1.147,04;ATIVO
2025;654698;Estação de trabalho;1501;4.656,61;ATIVO
2025;780.522;Monitor LED 24 polegadas;1102;1.122,77;ATIVO
2025;111707;Estação de trabalho;1201;3.899,15;ATIVO
2025;00861838;Estação de trabalho;1202;4.374,65;ATIVO
2025;569479;Notebook;9001;3.243,90;ATIVO
2025;318983;Cadeira giratória com braços;1101;309,12;Ativo
2025;158923;Mesa de escritório em L;1102;1.333,04;Ativo
2025;154624;Armário de aço 2 portas;9002;1.863,38;Ativo
2025;966935;Notebook;9001;5.689,92;ATIVO
2025;391407;Monitor LED 24 polegadas;9001;685,68;ATIVO
2025;668752;Gaveteiro volante;1401;560,00;ATIVO
2025;822660;Cadeira giratória com braços;1101;286,22;ATIVO
2025;554030;Monitor LED 24 polegadas;1401;1.008,06;ATIVO
2025;193407;Monitor LED 24 polegadas;1202;1186.81;ATIVO
2025;804005;Mesa de escritório em L;1501;967,77;ATIVO
2025;00635461;Armário de aço 2 portas;1401;1.563,85;ATIVO
2025;766150;Monitor LED 24 polegadas;9001;1.180,93;Ativo
2025;337629;Impressora multifuncional;1601;1.914,48;ATIVO
2025;692480;Nobreak 1500VA;1301;698,77;ATIVO
2025;145609;Monitor LED 24 polegadas;9001;1.205,62;ATIVO
2025;00421922;Estação de trabalho;1102;3.618,23;ATIVO
2025;00823957;Impressora multifuncional;9001;2.403,46;ATIVO
2025;506853;Notebook;9001;4.909,24;ATIVO
2025;487.024;Condicionador de ar split;1202;2.473,78;ATIVO
2025;574542;Monitor LED 24 polegadas;1401;681,58;ATIVO
2025;613775;Impressora multifuncional;1302;1.411,81;ATIVO
2025;236504;Mesa de escritório em L;1401;920,62;ATIVO
2025;854210;Monitor LED 24 polegadas;1601;700,83;ATIVO
2025;554157;Nobreak 1500VA;1401;1.179,09;ATIVO
2025;262610;Condicionador de ar split;1301;2.399,36;ATIVO
2025;202732;Longarina 3 lugares;1401;1.023,26;ATIVO
2025;00189543;Monitor LED 24 polegadas;9001;785.89;ATIVO
2025;825022;Estação de trabalho;9001;3.364,96;Ativo
2025;263802;Mesa de escritório em L;1601;1.425,50;ATIVO
2025;702847;Monitor LED 24 polegadas;1102;822,63;ATIVO
2025;00480806;Armário de aço 2 portas;1301;1.693,59;ATIVO
2025;597144;Mesa de escritório em L;1201;1.159,11;ATIVO
2025;835.118;Gaveteiro volante;1102;342.86;Ativo
2025;144309;Monitor LED 24 polegadas;9001;1.192,05;ATIVO
2025;103800;Cadeira giratória com braços;1401;826,37;ATIVO
2025;686069;Nobreak 1500VA;9002;671,74;ATIVO
2025;230694;Mesa de escritório em L;1302;619,50;ATIVO
2025;398414;Nobreak 1500VA;1201;723.74;ATIVO
2025;842159;Cadeira giratória com braços;9002;368,15;ATIVO
2025;353901;Estação de trabalho;9001;2.829,37;ATIVO
2025;409786;Estação de trabalho;1202;3.108,34;ATIVO
2025;642873;Condicionador de ar split;1101;4.508,30;ATIVO
2025;735805;Mesa de escritório em L;1701;467,94;ATIVO
2025;880263;Estação de trabalho;1301;3.877,78;ATIVO
2025;570006;Monitor LED 24 polegadas;1201;1.067,93;ATIVO
2025;775656;Longarina 3 lugares;1302;1.034,06;ATIVO
2025;330561;Monitor LED 24 polegadas;1101;1005.44;ATIVO
2025;00194414;Monitor LED 24 polegadas;1202;1.254,53;ATIVO
2025;972423;Monitor LED 24 polegadas;1502;1.262,48;ATIVO
2025;682643;Monitor LED 24 polegadas;1701;1.342,17;ATIVO
2025;708349;Estação de trabalho;9001;3.758,07;Ativo
2025;943721;Condicionador de ar split;1102;3074.24;ATIVO
2025;935431;Cadeira giratória com braços;1101;385.48;ATIVO
2025;215514;Cadeira giratória com braços;9002;600,88;ATIVO
2025;763374;Mesa de escritório em L;1301;1.290,98;ATIVO
2025;00339085;Mesa de escritório em L;1102;1.209,84;ATIVO
2025;706985;Mesa de escritório em L;1502;841,38;ATIVO
2025;632244;Cadeira giratória com braços;1502;545,33;ATIVO
2025;863383;Cadeira giratória com braços;1701;406,81;ATIVO
2025;479127;Cadeira giratória com braços;1501;617.52;ATIVO
2025;569452;Monitor LED 24 polegadas;9001;1.385,67;ATIVO
2025;790336;Mesa de escritório em L;1501;1.508,44;Ativo
2025;00538531;Gaveteiro volante;1201;686,23;Ativo
2025;553403;Mesa de escritório em L;9002;1.203,60;ATIVO
2025;557624;Monitor LED 24 polegadas;9001;934,25;Ativo
2025;238648;Condicionador de ar split;1701;3.705,78;ATIVO
2025;688849;Armário de aço 2 portas;1501;1.368,74;ATIVO
2025;392833;Gaveteiro volante;1101;605,92;ATIVO
2025;150206;Nobreak 1500VA;1502;1.122,97;ATIVO
2025;286306;Mesa de escritório em L;1102;1.560,05;ATIVO
2025;506860;Estação de trabalho;1201;3970.44;ATIVO
2025;411550;Monitor LED 24 polegadas;9001;1.071,22;ATIVO
2025;664843;Notebook;9001;6.691,21;ATIVO
2025;00142843;Nobreak 1500VA;9002;677,14;ATIVO
2025;579058;Impressora multifuncional;1601;3.489,00;ATIVO
2025;391263;Cadeira giratória com braços;1401;854.88;ATIVO
2025;124026;Scanner de mesa;1202;2.081,81;ATIVO
2025;189894;Scanner de mesa;9001;999,25;ATIVO
2025;275595;Gaveteiro volante;1401;414.94;Ativo
2025;667621;Estação de trabalho;1701;3980.75;Ativo
2025;433549;Impressora multifuncional;9002;2.754,22;ATIVO
2025;940941;Condicionador de ar split;1401;4.440,99;ATIVO
2025;484181;Estação de trabalho;9001;4.678,80;ATIVO
2025;327010;Estação de trabalho;9001;4.657,63;ATIVO
2025;858329;Impressora multifuncional;1101;2.222,28;Ativo
2025;785329;Monitor LED 24 polegadas;1201;1.333,22;ATIVO
2025;526521;Cadeira giratória com braços;1601;907,91;ATIVO
2025;338433;Armário de aço 2 portas;1201;1.562,07;ATIVO
2025;780557;Monitor LED 24 polegadas;9001;966,17;ATIVO
2025;688953;Longarina 3 lugares;1301;558,44;ATIVO
2025;00508017;Nobreak 1500VA;1302;636,70;ATIVO
2025;119906;Cadeira giratória com braços;9002;732,28;ATIVO
2025;847685;Monitor LED 24 polegadas;1601;950.92;ATIVO
2025;152554;Cadeira giratória com braços;1302;389.95;ATIVO
2025;894324;Longarina 3 lugares;1101;1.093,39;ATIVO
2025;196007;Mesa de escritório em L;1401;734,07;ATIVO
2025;00631293;Notebook;9001;5.312,48;Ativo
2025;298383;Armário de aço 2 portas;9002;824,25;ATIVO
2025;361275;Cadeira giratória com braços;1301;734.36;ATIVO
2025;995.773;Scanner de mesa;1102;1.493,06;ATIVO
2025;353495;Gaveteiro volante;9002;677,92;ATIVO
2025;518658;Armário de aço 2 portas;1601;1.136,23;ATIVO
2025;163337;Nobreak 1500VA;9001;576,17;ATIVO
2025;773090;Cadeira giratória com braços;1301;499.99;ATIVO
2025;261682;Monitor LED 24 polegadas;1202;705,22;ATIVO
2025;676958;Condicionador de ar split;9002;3.109,42;ATIVO
2025;164923;Gaveteiro volante;9002;502,61;ATIVO
2025;151357;Mesa de escritório em L;1401;891,32;Ativo
2025;678.040;Scanner de mesa;1201;1.815,50;ATIVO
2025;604474;Gaveteiro volante;1101;642,00;ATIVO
2025;125905;Nobreak 1500VA;1101;1.224,93;ATIVO
2025;611026;Monitor LED 24 polegadas;1102;1.312,82;ATIVO
2025;991550;Monitor LED 24 polegadas;9001;1.169,18;ATIVO
2025;962186;Estação de trabalho;1701;5.042,97;Ativo
2025;610.602;Gaveteiro volante;1401;229,19;ATIVO
2025;499894;Condicionador de ar split;1101;4.243,40;ATIVO
2025;740263;Nobreak 1500VA;1101;1116.56;ATIVO
2025;630104;Estação de trabalho;9001;2883.35;ATIVO
2025;921554;Longarina 3 lugares;9002;848,34;ATIVO
2025;177542;Monitor LED 24 polegadas;1301;818,17;ATIVO
2025;345240;Mesa de escritório em L;1201;587,12;ATIVO
2025;348543;Armário de aço 2 portas;1201;884,77;ATIVO
2025;744968;Cadeira giratória com braços;1501;947.44;ATIVO
2025;779114;Scanner de mesa;9001;1.217,90;ATIVO
2025;00592698;Gaveteiro volante;1701;227,84;Ativo
2025;405265;Scanner de mesa;1101;2.345,95;ATIVO
2025;565956;Gaveteiro volante;9002;334.55;ATIVO
2025;412116;Mesa de escritório em L;1302;1.116,41;ATIVO
2025;177149;Nobreak 1500VA;1301;1.212,27;ATIVO
2025;505130;Condicionador de ar split;9002;4.512,96;ATIVO
2025;745691;Monitor LED 24 polegadas;9002;874,71;Ativo
2025;810905;Cadeira giratória com braços;1301;582,58;Ativo
2025;163467;Notebook;9001;4.238,98;ATIVO
2025;704783;Monitor LED 24 polegadas;1102;1.120,98;ATIVO
2025;692399;Nobreak 1500VA;1101;590,10;ATIVO
2025;209475;Nobreak 1500VA;1701;579,29;ATIVO
2025;460200;Nobreak 1500VA;9001;732,07;ATIVO
2025;566274;Notebook;9001;6663.23;Ativo
2025;301288;Scanner de mesa;1501;2.415,10;ATIVO
2025;472203;Gaveteiro volante;9002;538,13;ATIVO
2025;701437;Cadeira giratória com braços;1101;744,13;ATIVO
2025;792892;Mesa de escritório em L;1601;1.219,82;ATIVO
2025;919616;Scanner de mesa;1502;2.187,27;Ativo
2025;939378;Estação de trabalho;1501;4.231,53;Ativo
2025;530759;Cadeira giratória com braços;1201;799,32;ATIVO
2025;376016;Cadeira giratória com braços;1601;849,01;ATIVO
2025;455252;Nobreak 1500VA;1601;786,73;Ativo
2025;937537;Condicionador de ar split;1202;3739.13;ATIVO
2025;319595;Gaveteiro volante;1201;586,63;Ativo
2025;975010;Estação de trabalho;1302;4.463,60;ATIVO
2025;997404;Nobreak 1500VA;9001;1.198,03;ATIVO
2025;944796;Monitor LED 24 polegadas;9002;1.011,86;Ativo
2025;180123;Estação de trabalho;9001;3.440,41;ATIVO
2025;425510;Longarina 3 lugares;1101;439,57;ATIVO
2025;770667;Nobreak 1500VA;1201;672,97;ATIVO
2025;00618516;Estação de trabalho;9002;4521.54;ATIVO
2025;243028;Monitor LED 24 polegadas;9001;1.291,57;ATIVO
2025;683455;Notebook;1401;3.568,15;ATIVO
2025;684798;Cadeira giratória com braços;1502;305,02;ATIVO
2025;529322;Impressora multifuncional;9001;1579.20;ATIVO
2025;122367;Scanner de mesa;9001;1.706,90;ATIVO
2025;540056;Scanner de mesa;1102;2.323,51;ATIVO
2025;740387;Gaveteiro volante;1301;246,51;Ativo
2025;200819;Armário de aço 2 portas;1201;1440.11;Ativo
2025;432332;Estação de trabalho;1401;5.181,83;ATIVO
2025;00541855;Cadeira giratória com braços;1202;900,13;Ativo
2025;645451;Estação de trabalho;1101;3.594,34;ATIVO
2025;234873;Monitor LED 24 polegadas;1501;996,53;ATIVO
2025;417265;Notebook;9001;5.048,04;ATIVO
2025;586693;Longarina 3 lugares;1301;875,54;ATIVO
2025;256450;Monitor LED 24 polegadas;1501;814,25;ATIVO
2025;444793;Scanner de mesa;1201;2.323,23;ATIVO
2025;534166;Cadeira giratória com braços;1201;712,48;ATIVO
2025;00505601;Monitor LED 24 polegadas;9001;1.090,72;ATIVO
2025;286055;Estação de trabalho;9001;4.433,93;ATIVO
2025;401945;Mesa de escritório em L;1401;625,31;ATIVO
2025;632969;Armário de aço 2 portas;1301;745,43;ATIVO
2025;891595;Monitor LED 24 polegadas;1701;1.040,84;ATIVO
2025;784561;Mesa de escritório em L;9001;484,32;ATIVO
2025;670292;Armário de aço 2 portas;1202;1.080,96;ATIVO
2025;995251;Cadeira giratória com braços;1102;583,70;ATIVO
2025;632997;Notebook;9002;4.388,53;ATIVO
2025;825415;Nobreak 1500VA;9001;856,68;Ativo
2025;733755;Monitor LED 24 polegadas;1701;1.263,05;ATIVO
2025;651262;Cadeira giratória com braços;1302;351,42;ATIVO
2025;594787;Cadeira giratória com braços;1202;887.46;ATIVO
2025;833076;Mesa de escritório em L;1501;1.287,71;ATIVO
2025;657730;Impressora multifuncional;1101;2.073,92;Ativo
2025;118016;Nobreak 1500VA;1401;1.084,14;ATIVO
2025;454403;Mesa de escritório em L;9001;1.107,64;ATIVO
2025;780465;Monitor LED 24 polegadas;1202;1.311,31;ATIVO
2025;393466;Cadeira giratória com braços;9002;716,37;Ativo
2025;734.824;Nobreak 1500VA;1201;972,07;ATIVO
2025;787889;Armário de aço 2 portas;1301;1.679,05;ATIVO
2025;867274;Mesa de escritório em L;1201;946,12;ATIVO
2025;419265;Condicionador de ar split;1601;3.269,82;ATIVO
2025;864508;Monitor LED 24 polegadas;1701;840,36;ATIVO
2025;893048;Cadeira giratória com braços;9001;319,04;ATIVO
2025;333859;Cadeira giratória com braços;1201;280,00;ATIVO
2025;661395;Gaveteiro volante;1201;513,90;Ativo
2025;529512;Monitor LED 24 polegadas;9002;1.046,46;ATIVO
2025;613986;Condicionador de ar split;1205;2.686,11;ATIVO
2025;408623;Cadeira giratória com braços;9002;792.24;ATIVO
2025;159108;Gaveteiro volante;1601;422,57;ATIVO
2025;426912;Armário de aço 2 portas;1501;1.212,90;ATIVO
2025;132390;Mesa de escritório em L;9002;473,35;ATIVO
2025;895850;Cadeira giratória com braços;1302;775,62;ATIVO
2025;847.828;Cadeira giratória com braços;1501;384,56;ATIVO
2025;851024;Cadeira giratória com braços;1401;913,44;ATIVO
2025;00191833;Cadeira giratória com braços;1301;721,54;ATIVO
2025;824692;Cadeira giratória com braços;1601;299,86;ATIVO
2025;105618;Nobreak 1500VA;1101;627,36;ATIVO
2025;482937;Condicionador de ar split;1201;3.450,14;Ativo
2025;122849;Notebook;9001;4.592,15;ATIVO
2025;557936;Monitor LED 24 polegadas;9001;1.254,99;ATIVO
2025;613196;Cadeira giratória com braços;1502;295,30;ATIVO
2025;703208;Condicionador de ar split;1502;4.340,37;ATIVO
2025;00470523;Monitor LED 24 polegadas;1201;753,49;Ativo
2025;985341;Nobreak 1500VA;1101;908,10;Ativo
2025;501571;Estação de trabalho;1101;4.351,98;ATIVO
2025;978234;Scanner de mesa;9001;916,29;ATIVO
2025;00440740;Scanner de mesa;9001;1.133,09;Ativo
2025;180664;Mesa de escritório em L;1601;1.270,63;ATIVO
2025;476184;Cadeira giratória com braços;1102;514,92;ATIVO
2025;664847;Longarina 3 lugares;1201;1.010,70;Ativo
2025;146850;Monitor LED 24 polegadas;1501;653,51;ATIVO
2025;491820;Cadeira giratória com braços;1101;574,68;ATIVO
2025;733820;Cadeira giratória com braços;1302;420,37;ATIVO
2025;918484;Nobreak 1500VA;1202;901,61;ATIVO
2025;149374;Armário de aço 2 portas;1302;1.128,10;Ativo
2025;666005;Condicionador de ar split;1601;2165.63;ATIVO
2025;618435;Cadeira giratória com braços;1301;290,37;ATIVO
2025;581682;Notebook;9001;6.777,22;ATIVO
2025;470665;Cadeira giratória com braços;1301;486,24;ATIVO
2025;608797;Cadeira giratória com braços;1201;587,34;ATIVO
2025;258.377;Monitor LED 24 polegadas;9002;904,21;ATIVO
2025;230239;Notebook;9001;5.279,02;ATIVO
2025;588.741;Nobreak 1500VA;1101;543,54;ATIVO
2025;973153;Monitor LED 24 polegadas;1302;809.10;ATIVO
2025;759318;Monitor LED 24 polegadas;1301;1.170,81;ATIVO
2025;572309;Cadeira giratória com braços;1401;400,53;ATIVO
2025;340.001;Estação de trabalho;9001;3.172,64;ATIVO
2025;348248;Armário de aço 2 portas;1501;1.013,37;ATIVO
2025;00716151;Armário de aço 2 portas;1502;1.197,01;ATIVO
2025;205775;Armário de aço 2 portas;1201;816,55;ATIVO
2025;160993;Nobreak 1500VA;9001;719,99;ATIVO
2025;452625;Mesa de escritório em L;1501;1.289,48;Ativo
2025;625132;Gaveteiro volante;1205;451,46;ATIVO
2025;751.552;Mesa de escritório em L;1301;1.137,64;ATIVO
2025;353532;Cadeira giratória com braços;1101;943,55;ATIVO
2025;143168;Armário de aço 2 portas;1302;1.373,00;ATIVO
2025;154619;Armário de aço 2 portas;9002;1.077,95;ATIVO
2025;479799;Impressora multifuncional;1301;3.246,75;ATIVO
2025;909053;Cadeira giratória com braços;1601;908,81;ATIVO
2025;445184;Notebook;9001;4.317,73;Ativo
2025;977.622;Cadeira giratória com braços;1701;349,62;ATIVO
2025;295648;Condicionador de ar split;1701;3.722,99;ATIVO
2025;208145;Scanner de mesa;1501;1.745,81;ATIVO
2025;846151;Monitor LED 24 polegadas;1202;767,11;ATIVO
2025;809437;Armário de aço 2 portas;1401;978,19;ATIVO
2025;215069;Armário de aço 2 portas;1101;1.770,06;ATIVO
2025;542571;Armário de aço 2 portas;1701;864,70;ATIVO
2025;403368;Impressora multifuncional;1102;3.388,55;ATIVO
2025;476419;Estação de trabalho;9002;4.702,40;ATIVO
2025;306659;Gaveteiro volante;1301;502,76;Ativo
2025;596018;Mesa de escritório em L;9001;1.432,36;ATIVO
2025;533371;Notebook;9001;3.668,12;ATIVO
2025;619840;Armário de aço 2 portas;1101;1.735,86;ATIVO
2025;654560;Monitor LED 24 polegadas;1202;1.102,33;ATIVO
2025;806282;Mesa de escritório em L;1205;841,98;ATIVO
2025;831847;Notebook;9001;5.212,06;ATIVO
2025;629255;Monitor LED 24 polegadas;9001;832,77;ATIVO
2025;588037;Notebook;9001;6.173,13;ATIVO
2025;888109;Mesa de escritório em L;9002;1.061,84;ATIVO
2025;390426;Nobreak 1500VA;9001;818,27;ATIVO
2025;698542;Nobreak 1500VA;9001;1.230,28;ATIVO
2025;401523;Estação de trabalho;1102;4.181,41;Ativo
2025;132708;Monitor LED 24 polegadas;1601;1.065,71;ATIVO
2025;915844;Monitor LED 24 polegadas;9001;975,50;ATIVO
2025;602925;Gaveteiro volante;9002;432,10;Ativo
2025;666429;Cadeira giratória com braços;1201;668,04;ATIVO
2025;961.250;Monitor LED 24 polegadas;1201;767,42;Ativo
2025;994401;Nobreak 1500VA;9001;538,29;Ativo
2025;623840;Monitor LED 24 polegadas;1201;742,47;ATIVO
2025;744160;Estação de trabalho;9001;4.969,92;ATIVO
2025;333932;Estação de trabalho;9002;3.061,93;ATIVO
2025;715781;Condicionador de ar split;9002;4.348,77;Ativo
2025;578220;Impressora multifuncional;1502;1.789,28;Ativo
2025;889.986;Longarina 3 lugares;1302;1.022,34;Ativo
2025;967548;Estação de trabalho;1202;4.501,55;ATIVO
2025;459231;Estação de trabalho;1501;4.806,88;ATIVO
2025;834054;Nobreak 1500VA;9001;1.299,68;Ativo
2025;940341;Longarina 3 lugares;1401;761,22;ATIVO
2025;412861;Notebook;1501;3.565,78;ATIVO
2025;886904;Nobreak 1500VA;9001;745,31;ATIVO
2025;380029;Gaveteiro volante;1102;537,29;ATIVO
2025;417427;Notebook;9002;5.709,43;ATIVO
2025;512160;Armário de aço 2 portas;1701;924,93;Ativo
2025;733651;Armário de aço 2 portas;1701;760,78;ATIVO
2025;178529;Armário de aço 2 portas;9002;831,96;ATIVO
2025;686159;Mesa de escritório em L;1101;561,63;ATIVO
2025;906794;Monitor LED 24 polegadas;1701;1.020,98;Ativo
2025;675286;Gaveteiro volante;9002;443,67;Ativo
2025;917250;Cadeira giratória com braços;1401;684,77;ATIVO
2025;582270;Scanner de mesa;9001;1.958,57;ATIVO
2025;400051;Impressora multifuncional;1502;1.921,38;ATIVO
2025;171316;Cadeira giratória com braços;1102;313.54;ATIVO
2025;385435;Gaveteiro volante;1101;648,64;ATIVO
2025;228207;Monitor LED 24 polegadas;9001;932,71;ATIVO
2025;741295;Mesa de escritório em L;9002;958.47;ATIVO
2025;128344;Cadeira giratória com braços;1301;385,72;ATIVO
2025;538544;Estação de trabalho;1201;5.052,19;ATIVO
2025;585285;Monitor LED 24 polegadas;9001;958,03;ATIVO
2025;646740;Nobreak 1500VA;1202;971,02;ATIVO
2025;823884;Estação de trabalho;1102;4.820,39;ATIVO
2025;694349;Mesa de escritório em L;1302;600,59;ATIVO
2025;869124;Estação de trabalho;1102;4.723,06;ATIVO
2025;00480776;Notebook;9001;6.135,21;ATIVO
2025;384.413;Impressora multifuncional;1502;2.458,88;ATIVO
2025;788560;Notebook;1101;6.405,69;ATIVO
2025;685855;Longarina 3 lugares;1201;627,63;ATIVO
2025;731045;Mesa de escritório em L;1201;1443.60;ATIVO
2025;469358;Nobreak 1500VA;9001;1.179,65;ATIVO
2025;855779;Estação de trabalho;1301;3320.40;ATIVO
2025;639255;Nobreak 1500VA;9001;1.200,01;ATIVO
2025;915770;Mesa de escritório em L;1501;1.087,44;ATIVO
2025;876140;Scanner de mesa;1202;2.316,72;ATIVO
2025;229701;Mesa de escritório em L;1102;1.172,67;ATIVO
2025;636631;Armário de aço 2 portas;9001;1.001,53;ATIVO
2025;842607;Monitor LED 24 polegadas;1301;694,26;ATIVO
2025;335697;Longarina 3 lugares;9002;534,12;ATIVO
2025;603579;Notebook;1701;5.947,46;ATIVO
2025;559212;Cadeira giratória com braços;1102;926,19;ATIVO
2025;207415;Nobreak 1500VA;1101;676,02;ATIVO
2025;508973;Nobreak 1500VA;1101;1.055,14;ATIVO
2025;268360;Estação de trabalho;9002;3.145,15;ATIVO
2025;311591;Longarina 3 lugares;1101;719,54;Ativo
2025;794923;Mesa de escritório em L;1701;1.355,58;ATIVO
2025;456653;Gaveteiro volante;9002;311,01;Ativo
2025;00949158;Estação de trabalho;1501;4.893,70;ATIVO
2025;645020;Estação de trabalho;9002;4.200,56;ATIVO
2025;513915;Gaveteiro volante;1701;659,44;ATIVO
2025;883100;Condicionador de ar split;1701;2.530,21;ATIVO
2025;789351;Estação de trabalho;1302;4.499,97;Ativo
2025;378776;Cadeira giratória com braços;1701;896,35;ATIVO
2025;970486;Mesa de escritório em L;1401;1.085,33;ATIVO
2025;499.203;Gaveteiro volante;9001;305,88;ATIVO
2025;437971;Notebook;1401;3406.42;ATIVO
2025;803047;Monitor LED 24 polegadas;9002;1308.23;ATIVO
2025;827665;Mesa de escritório em L;1302;670,97;ATIVO
2025;841348;Armário de aço 2 portas;1101;921,68;ATIVO
2025;182356;Notebook;1301;6466.11;ATIVO
2025;123912;Monitor LED 24 polegadas;1202;1393.59;ATIVO
2025;991462;Mesa de escritório em L;1301;551,97;ATIVO
2025;284904;Longarina 3 lugares;1202;746,19;ATIVO
2025;799514;Armário de aço 2 portas;1101;1.522,96;Ativo
2025;128843;Cadeira giratória com braços;1201;304,31;ATIVO
2025;218366;Estação de trabalho;1202;3.214,21;ATIVO
2025;483488;Mesa de escritório em L;9002;1.190,64;ATIVO
2025;372873;Notebook;1101;5.640,43;ATIVO
2025;610853;Estação de trabalho;1102;4.633,49;ATIVO
2025;616608;Scanner de mesa;1101;1.902,41;ATIVO
2025;698154;Estação de trabalho;1201;2.918,41;ATIVO
2025;857861;Nobreak 1500VA;9001;1.202,19;ATIVO
2025;535234;Mesa de escritório em L;1101;1.464,04;Ativo
2025;383015;Estação de trabalho;1501;3.233,67;ATIVO
2025;407997;Notebook;9001;5.142,33;ATIVO
2025;849228;Cadeira giratória com braços;9002;311.97;ATIVO
2025;953511;Monitor LED 24 polegadas;1202;1.037,07;ATIVO
2025;145623;Cadeira giratória com braços;9002;767.48;ATIVO
2025;534785;Notebook;1502;4.772,34;ATIVO
2025;878792;Notebook;1302;6.603,02;ATIVO
2025;385297;Estação de trabalho;1201;4.774,49;ATIVO
2025;829127;Condicionador de ar split;1102;4.361,23;ATIVO
2025;254026;Condicionador de ar split;1501;4.575,17;ATIVO
2025;293241;Cadeira giratória com braços;1501;532,33;ATIVO
2025;605959;Nobreak 1500VA;9001;1.167,18;ATIVO
2025;202489;Notebook;1302;4.924,94;ATIVO
2025;848989;Estação de trabalho;9001;3.686,42;ATIVO
2025;561505;Notebook;1302;6.365,29;ATIVO
2025;668115;Notebook;1201;5.366,25;ATIVO
2025;218347;Gaveteiro volante;1501;424,62;ATIVO
2025;504524;Mesa de escritório em L;1601;635,93;ATIVO
2025;802159;Gaveteiro volante;1301;456.85;ATIVO
2025;690510;Condicionador de ar split;1502;3.879,25;ATIVO
2025;365061;Cadeira giratória com braços;9002;282,86;ATIVO
2025;270293;Scanner de mesa;1101;2.173,89;ATIVO
2025;371.972;Armário de aço 2 portas;1401;936,44;Ativo
2025;515248;Scanner de mesa;1202;1.551,89;ATIVO
2025;101325;Monitor LED 24 polegadas;1101;861,15;ATIVO
2025;900363;Nobreak 1500VA;1101;1.163,54;ATIVO
2025;105862;Estação de trabalho;9001;4233.28;ATIVO
2025;345453;Longarina 3 lugares;1202;529,88;ATIVO
2025;278993;Mesa de escritório em L;1502;1.320,54;ATIVO
2025;848.169;Cadeira giratória com braços;1102;909,99;ATIVO
2025;297229;Estação de trabalho;9001;4.580,85;Ativo
2025;433116;Nobreak 1500VA;9001;1074.71;ATIVO
2025;743230;Cadeira giratória com braços;1501;796,42;ATIVO
2025;303.396;Nobreak 1500VA;1601;664,24;ATIVO
2025;790607;Gaveteiro volante;1501;284,02;ATIVO
2025;603321;Impressora multifuncional;9001;3.981,39;ATIVO
2025;409130;Estação de trabalho;1201;4.088,30;ATIVO
2025;314185;Monitor LED 24 polegadas;9002;907,94;ATIVO
2025;234156;Estação de trabalho;1202;4.002,88;Ativo
2025;551875;Cadeira giratória com braços;1202;926,51;ATIVO
2025;889562;Monitor LED 24 polegadas;1101;1.028,01;ATIVO
2025;744960;Gaveteiro volante;1601;520,86;ATIVO
2025;00648029;Gaveteiro volante;9002;306,41;Ativo
2025;334115;Scanner de mesa;1302;931,17;ATIVO
2025;920779;Cadeira giratória com braços;1401;826,72;Ativo
2025;487865;Armário de aço 2 portas;9001;1.705,91;ATIVO
2025;832208;Monitor LED 24 polegadas;1202;891,92;ATIVO
2025;651320;Estação de trabalho;1202;2.976,73;ATIVO
2025;162368;Estação de trabalho;1102;4.073,73;Ativo
2025;531562;Mesa de escritório em L;1201;490.26;ATIVO
2025;552827;Gaveteiro volante;1301;675,94;Ativo
2025;326604;Longarina 3 lugares;1302;749,50;ATIVO
2025;178268;Cadeira giratória com braços;1302;606,83;ATIVO
2025;396387;Armário de aço 2 portas;9002;949,32;ATIVO
2025;856141;Monitor LED 24 polegadas;9001;1.055,04;ATIVO
2025;726841;Cadeira giratória com braços;1102;292,67;ATIVO
2025;627801;Nobreak 1500VA;9001;1.276,38;ATIVO
2025;320212;Estação de trabalho;9002;3.170,37;ATIVO
2025;585116;Mesa de escritório em L;1201;1.069,37;ATIVO
2025;849940;Nobreak 1500VA;9001;1.109,38;ATIVO
2025;264709;Gaveteiro volante;9002;291,72;ATIVO
2025;174400;Scanner de mesa;1102;1.644,24;ATIVO
2025;891738;Cadeira giratória com braços;1201;616,49;ATIVO
2025;325522;Impressora multifuncional;1101;3.809,35;ATIVO
2025;934.898;Notebook;9001;3.507,95;ATIVO
2025;171292;Condicionador de ar split;9002;4.358,23;ATIVO
2025;280665;Nobreak 1500VA;1601;1.114,00;ATIVO
2025;986017;Mesa de escritório em L;1102;1.196,33;ATIVO
2025;292040;Mesa de escritório em L;1302;1.198,67;ATIVO
2025;522822;Monitor LED 24 polegadas;1502;1.011,23;BAIXADO
2025;468831;Monitor LED 24 polegadas;9001;913,72;ATIVO
2025;632824;Estação de trabalho;1501;2.985,35;ATIVO
2025;612542;Monitor LED 24 polegadas;9002;801,58;ATIVO
2025;308869;Condicionador de ar split;1601;3.411,58;ATIVO
2025;764.761;Cadeira giratória com braços;1701;812,30;ATIVO
2025;998769;Armário de aço 2 portas;1201;895,16;ATIVO
2025;491117;Gaveteiro volante;1101;362,05;BAIXADO
2025;998453;Notebook;9001;3435.53;BAIXADO
2025;137036;Scanner de mesa;1501;900,20;ATIVO
2025;101167;Cadeira giratória com braços;1501;357,25;ATIVO
2025;282905;Mesa de escritório em L;1502;1.556,14;Ativo
2025;919812;Mesa de escritório em L;1501;1.382,40;ATIVO
2025;458837;Armário de aço 2 portas;9001;1818.30;ATIVO
2025;407045;Armário de aço 2 portas;1601;1.094,19;ATIVO
2025;709743;Estação de trabalho;1205;3.325,10;ATIVO
2025;616316;Mesa de escritório em L;9001;1.319,34;ATIVO
2025;123885;Notebook;9001;3.693,91;ATIVO
2025;479517;Cadeira giratória com braços;1301;791,82;ATIVO
2025;697945;Mesa de escritório em L;1202;1.253,43;ATIVO
2025;784765;Cadeira giratória com braços;1701;911,46;ATIVO
2025;140118;Notebook;1101;5314.84;ATIVO
2025;252570;Impressora multifuncional;1601;4.018,46;ATIVO
2025;203273;Estação de trabalho;1101;4.568,74;ATIVO
2025;794165;Mesa de escritório em L;1501;1290.12;Ativo
2025;486997;Monitor LED 24 polegadas;9001;993,52;Ativo
2025;113781;Longarina 3 lugares;1601;540,95;ATIVO
2025;796.226;Mesa de escritório em L;1501;1.572,79;ATIVO
2025;854178;Condicionador de ar split;1302;2.330,04;ATIVO
2025;634468;Cadeira giratória com braços;1102;896,04;ATIVO
2025;864228;Mesa de escritório em L;1701;693,95;ATIVO
2025;651058;Nobreak 1500VA;1201;815,22;Ativo
2025;378159;Notebook;9002;3.316,96;Ativo
2025;296882;Notebook;9001;3.229,77;Ativo
2025;466085;Notebook;9001;5976.74;Ativo
2025;406455;Estação de trabalho;1701;4.930,21;ATIVO
2025;717717;Cadeira giratória com braços;1101;520,52;ATIVO
2025;127167;Gaveteiro volante;1301;573.01;ATIVO
2025;00210681;Monitor LED 24 polegadas;9002;1.116,68;ATIVO
2025;440965;Estação de trabalho;1102;4.798,63;ATIVO
2025;294805;Condicionador de ar split;1301;3.351,45;Ativo
2025;488674;Cadeira giratória com braços;1601;729,31;ATIVO
2025;760167;Monitor LED 24 polegadas;1502;985,89;ATIVO
2025;685427;Gaveteiro volante;1202;578,38;ATIVO
2025;757384;Nobreak 1500VA;1502;538,72;BAIXADO
2025;206490;Cadeira giratória com braços;1101;620,43;Ativo
2025;705206;Nobreak 1500VA;1101;865,97;BAIXADO
2025;616265;Cadeira giratória com braços;1202;319,32;Ativo
2025;500594;Cadeira giratória com braços;1202;613,40;ATIVO
2025;346474;Cadeira giratória com braços;1301;710,89;ATIVO
2025;743680;Estação de trabalho;1301;5.056,99;Ativo
2025;977882;Condicionador de ar split;1101;3.953,24;ATIVO
2025;290523;Impressora multifuncional;1202;1.583,52;ATIVO
2025;285764;Condicionador de ar split;1201;2.460,33;ATIVO
2025;616844;Cadeira giratória com braços;1101;612,27;ATIVO
2025;938704;Notebook;9001;5.384,00;ATIVO
2025;651240;Cadeira giratória com braços;9002;648.75;ATIVO
2025;422698;Cadeira giratória com braços;1102;601,24;Ativo
2025;537803;Gaveteiro volante;9001;262,33;Ativo
2025;103271;Gaveteiro volante;9002;280,51;ATIVO
2025;249967;Estação de trabalho;1301;2.887,26;ATIVO
2025;646195;Longarina 3 lugares;1201;893,94;Ativo
2025;382297;Mesa de escritório em L;1202;847,58;ATIVO
2025;264281;Estação de trabalho;9001;4.868,78;ATIVO
2025;00500273;Armário de aço 2 portas;1701;799,85;ATIVO
2025;00337191;Gaveteiro volante;1401;576,69;ATIVO
2025;568374;Estação de trabalho;9002;4.298,38;ATIVO
2025;812249;Monitor LED 24 polegadas;9002;848,58;ATIVO
2025;159867;Gaveteiro volante;9002;382,97;ATIVO
2025;915637;Monitor LED 24 polegadas;9001;946,49;Ativo
2025;662622;Mesa de escritório em L;1501;1.220,55;ATIVO
2025;866296;Scanner de mesa;1202;1.787,46;BAIXADO
2025;00519025;Armário de aço 2 portas;1502;935,26;ATIVO
2025;295933;Mesa de escritório em L;1701;914,67;Ativo
2025;568865;Armário de aço 2 portas;1201;1.325,76;ATIVO
2025;742101;Cadeira giratória com braços;1301;572,75;ATIVO
2025;874479;Estação de trabalho;1102;3.730,87;Ativo
2025;944606;Monitor LED 24 polegadas;1201;1.239,78;ATIVO
2025;430433;Monitor LED 24 polegadas;1102;750,45;ATIVO
2025;582408;Cadeira giratória com braços;1701;463,72;Ativo
2025;457108;Gaveteiro volante;1502;325,95;Ativo
2025;495570;Monitor LED 24 polegadas;9001;1.203,79;ATIVO
2025;797.268;Gaveteiro volante;1501;587,90;Ativo
2025;430020;Estação de trabalho;9002;3.585,39;ATIVO
2025;926.441;Cadeira giratória com braços;9002;587,26;ATIVO
2025;121522;Longarina 3 lugares;1701;414,10;ATIVO
2025;707498;Cadeira giratória com braços;1501;520,17;BAIXADO
2025;183129;Cadeira giratória com braços;1101;368,39;ATIVO
2025;889671;Cadeira giratória com braços;9002;329,74;ATIVO
2025;444246;Cadeira giratória com braços;1101;915,35;ATIVO
2025;682884;Gaveteiro volante;1101;256,97;ATIVO
2025;409134;Mesa de escritório em L;1302;1.024,14;ATIVO
2025;603288;Gaveteiro volante;1301;363,81;ATIVO
2025;211295;Impressora multifuncional;1401;3157.34;ATIVO
2025;368680;Estação de trabalho;9002;2.903,28;ATIVO
2025;286752;Armário de aço 2 portas;9002;1.652,82;ATIVO
2025;114932;Scanner de mesa;1102;1.423,51;ATIVO
2025;821336;Gaveteiro volante;1102;332,45;ATIVO
2025;996497;Nobreak 1500VA;1502;1.182,51;ATIVO
2025;315795;Mesa de escritório em L;9002;1.451,55;ATIVO
2025;680200;Cadeira giratória com braços;1101;356,34;ATIVO
2026;749583;Mesa de escritório em L;1102;1.225,94;ATIVO
2025;860196;Notebook;9002;4.548,74;ATIVO
2025;541819;Notebook;9001;4.523,24;ATIVO
2025;132708;Monitor LED 24 polegadas;1601;1.065,71;ATIVO
2025;787708;Condicionador de ar split;1501;1932.62;ATIVO
2025;776701;Cadeira giratória com braços;1601;623,17;ATIVO
2025;195207;Nobreak 1500VA;1302;607,82;ATIVO
2025;328339;Cadeira giratória com braços;1202;743,54;Ativo
2025;00909586;Scanner de mesa;1201;1.774,51;ATIVO
2025;914262;Monitor LED 24 polegadas;1601;1363.37;ATIVO
2025;269604;Notebook;9001;3.937,13;ATIVO
2025;757296;Armário de aço 2 portas;1301;743,10;ATIVO
2025;967312;Armário de aço 2 portas;1301;1.799,18;ATIVO
2025;659426;Cadeira giratória com braços;9002;358.77;Ativo
2025;403477;Gaveteiro volante;1601;579,47;ATIVO
2025;646417;Monitor LED 24 polegadas;1502;716,99;ATIVO
2025;907442;Estação de trabalho;9001;4.380,02;ATIVO
2025;771359;Impressora multifuncional;1501;1.315,55;ATIVO
2025;416756;Monitor LED 24 polegadas;1401;756,85;ATIVO
2025;904353;Monitor LED 24 polegadas;1502;682,08;ATIVO
2025;976984;Cadeira giratória com braços;1202;387,37;Ativo
2025;518161;Impressora multifuncional;1302;3.853,91;ATIVO
2025;444898;Notebook;1501;5007.72;Ativo
2025;861565;Impressora multifuncional;1302;2.722,70;ATIVO
2025;884036;Mesa de escritório em L;1601;1.517,13;ATIVO
2025;749438;Armário de aço 2 portas;1401;754.54;Ativo
2025;723874;Notebook;1302;3.595,63;Ativo
2025;270840;Estação de trabalho;1202;3.321,14;Ativo
2025;538.638;Longarina 3 lugares;1201;544,42;ATIVO
2025;952050;Cadeira giratória com braços;1102;642,71;ATIVO
2025;854207;Impressora multifuncional;1302;2.278,78;ATIVO
2025;666508;Mesa de escritório em L;1501;1300.35;ATIVO
2025;161270;Notebook;9001;6.512,12;ATIVO
2025;677618;Cadeira giratória com braços;1101;746,10;ATIVO
2025;654505;Monitor LED 24 polegadas;1401;1.083,44;ATIVO
2025;00867661;Notebook;9002;5.624,79;ATIVO
2025;789049;Estação de trabalho;9001;3.494,17;Ativo
2025;681522;Cadeira giratória com braços;1601;494,08;ATIVO
2025;741953;Gaveteiro volante;9001;406,37;ATIVO
2025;647396;Gaveteiro volante;1202;609,21;ATIVO
2025;955640;Monitor LED 24 polegadas;1401;1138.64;ATIVO
2025;594.736;Cadeira giratória com braços;1101;592,81;ATIVO
2025;440294;Mesa de escritório em L;1301;1.007,35;ATIVO
2025;718887;Mesa de escritório em L;9002;1.069,65;Ativo
2025;249936;Cadeira giratória com braços;1101;415,02;Ativo
2025;895823;Longarina 3 lugares;1201;1.036,18;ATIVO
2025;338777;Condicionador de ar split;1102;2.258,28;ATIVO
2025;624623;Monitor LED 24 polegadas;1101;1.301,07;ATIVO
2025;294898;Cadeira giratória com braços;9001;423,21;ATIVO
2025;792517;Cadeira giratória com braços;9002;543.63;ATIVO
2025;574817;Notebook;1401;6.307,84;ATIVO
2025;731810;Longarina 3 lugares;1701;930,69;ATIVO
2025;514580;Notebook;9001;6538.09;ATIVO
2025;253690;Armário de aço 2 portas;9002;1.852,64;ATIVO
2025;677311;Monitor LED 24 polegadas;1101;1.149,96;ATIVO
2025;899171;Estação de trabalho;1401;3.204,01;ATIVO
2025;732645;Notebook;9001;5.499,50;ATIVO
2025;293.687;Monitor LED 24 polegadas;9001;1.087,88;ATIVO
2025;940198;Cadeira giratória com braços;1201;509,48;ATIVO
2025;562723;Estação de trabalho;1201;2.865,21;ATIVO
2025;345066;Mesa de escritório em L;1202;768,44;ATIVO
2025;967152;Impressora multifuncional;1201;2.096,38;ATIVO
2025;121147;Estação de trabalho;9001;3.454,09;ATIVO
2025;253451;Gaveteiro volante;1401;466,09;ATIVO
2025;527435;Longarina 3 lugares;9002;834,15;ATIVO
2025;493293;Condicionador de ar split;9002;3.487,83;ATIVO
2025;598041;Estação de trabalho;9001;3.897,45;ATIVO
2025;988611;Nobreak 1500VA;1102;1.192,68;Ativo
2025;435156;Estação de trabalho;9001;4428.87;Ativo
2025;357325;Nobreak 1500VA;1202;519,96;ATIVO
2025;578518;Cadeira giratória com braços;9002;718,91;ATIVO
2025;568577;Notebook;9001;3.431,00;ATIVO
2025;772034;Gaveteiro volante;9002;284,78;Ativo
2025;583057;Notebook;9001;6774.41;Ativo
2025;692756;Estação de trabalho;9001;4.792,12;ATIVO
2025;324835;Armário de aço 2 portas;1101;750,39;ATIVO
2025;990059;Scanner de mesa;9002;1.474,45;ATIVO
2025;518179;Condicionador de ar split;1302;2.964,51;ATIVO
2025;850080;Notebook;9001;6.615,50;ATIVO
2025;784353;Gaveteiro volante;9002;616,06;Ativo
2025;310033;Gaveteiro volante;1101;679,60;ATIVO
2025;786690;Cadeira giratória com braços;1101;934,09;ATIVO
2025;209954;Estação de trabalho;9001;3.405,05;ATIVO
2025;457184;Cadeira giratória com braços;1401;893,45;Ativo
2025;397764;Estação de trabalho;9001;3.409,59;ATIVO
2025;471519;Armário de aço 2 portas;1501;1.473,11;ATIVO
2025;153190;Impressora multifuncional;1601;4.032,91;ATIVO
2025;813848;Monitor LED 24 polegadas;1102;1.055,82;ATIVO
2025;816804;Nobreak 1500VA;1501;925.48;ATIVO
2025;931119;Cadeira giratória com braços;1101;636,42;ATIVO
2025;695593;Cadeira giratória com braços;1102;912,83;ATIVO
2025;917274;Cadeira giratória com braços;1501;398,81;ATIVO
2025;248917;Estação de trabalho;1102;3.511,67;ATIVO
2025;517070;Armário de aço 2 portas;1501;1.028,94;ATIVO
2025;00667830;Cadeira giratória com braços;1601;890,81;ATIVO
2025;741267;Estação de trabalho;1502;4940.12;ATIVO
2025;410988;Nobreak 1500VA;1301;866,96;ATIVO
2025;243188;Monitor LED 24 polegadas;1202;1.261,21;ATIVO
2025;989862;Impressora multifuncional;1302;3.135,58;ATIVO
2025;918646;Monitor LED 24 polegadas;1301;1227.01;ATIVO
2025;662791;Monitor LED 24 polegadas;9001;991,76;Ativo
2025;750963;Estação de trabalho;1201;3.042,10;ATIVO
2025;211453;Notebook;9001;4.541,22;ATIVO
2025;429928;Notebook;9001;6.051,41;ATIVO
2025;510481;Gaveteiro volante;1502;687,65;ATIVO
2025;402202;Armário de aço 2 portas;1701;1.435,73;ATIVO
2025;660741;Cadeira giratória com braços;1301;839,03;Ativo
2025;821391;Mesa de escritório em L;1501;1.420,46;ATIVO
2025;414605;Monitor LED 24 polegadas;1501;843,21;ATIVO
2025;286021;Monitor LED 24 polegadas;1302;1.332,63;ATIVO
2025;661262;Notebook;9001;4.386,39;Ativo
2025;749583;Mesa de escritório em L;1102;1.433,50;ATIVO
2025;141456;Gaveteiro volante;9002;659,31;ATIVO
2025;530480;Condicionador de ar split;1302;3.941,86;ATIVO
2025;126853;Monitor LED 24 polegadas;1201;1.391,91;ATIVO
2025;211888;Nobreak 1500VA;9001;1.212,24;ATIVO
2025;839986;Impressora multifuncional;1201;2.799,94;Ativo
2025;419232;Notebook;9001;4.360,30;ATIVO
2025;212663;Estação de trabalho;1201;4.151,27;ATIVO
2025;509099;Cadeira giratória com braços;1201;934,54;Ativo
2025;422.051;Estação de trabalho;9002;5.002,03;ATIVO
2025;236391;Cadeira giratória com braços;1701;669,23;ATIVO
2025;206845;Impressora multifuncional;1401;1.983,01;ATIVO
2025;311076;Longarina 3 lugares;1202;715,13;ATIVO
2025;580117;Mesa de escritório em L;1701;1.163,81;ATIVO
2025;00923127;Mesa de escritório em L;1502;1.232,92;ATIVO
2025;262027;Cadeira giratória com braços;1601;719.23;ATIVO
2025;211556;Cadeira giratória com braços;1302;539,53;ATIVO
2025;104822;Cadeira giratória com braços;1101;451,95;Ativo
2025;115330;Mesa de escritório em L;1201;911,60;Ativo
2025;557073;Estação de trabalho;9002;4.065,63;ATIVO
2025;742198;Gaveteiro volante;1601;605.29;ATIVO
2025;898693;Armário de aço 2 portas;1501;1.078,20;ATIVO
2025;781263;Nobreak 1500VA;1101;897,06;ATIVO
2025;00969989;Mesa de escritório em L;1302;794,33;ATIVO
2025;101823;Cadeira giratória com braços;1601;716,74;ATIVO
2025;299399;Monitor LED 24 polegadas;1301;1.387,67;ATIVO
2025;208984;Nobreak 1500VA;1701;1.034,00;ATIVO
2025;844046;Estação de trabalho;1501;4.547,07;ATIVO
2025;753377;Estação de trabalho;1502;3.111,32;ATIVO
2025;635224;Cadeira giratória com braços;1302;736,60;ATIVO
2025;609257;Monitor LED 24 polegadas;9002;1.166,56;Ativo
2025;452939;Monitor LED 24 polegadas;1302;1.113,71;ATIVO
2025;347319;Estação de trabalho;9001;5.047,61;ATIVO
2025;186.635;Armário de aço 2 portas;1202;886,28;ATIVO
2025;508091;Armário de aço 2 portas;1301;1.885,43;ATIVO
2025;496968;Longarina 3 lugares;1301;866.94;ATIVO
2025;937263;Gaveteiro volante;9002;278,76;ATIVO
2025;648512;Mesa de escritório em L;1201;1.593,02;Ativo
2025;157.282;Monitor LED 24 polegadas;1401;1030.98;ATIVO
2026;802159;Gaveteiro volante;1301;393,20;ATIVO
2026;132390;Mesa de escritório em L;9002;417,26;ATIVO
2026;824612;Notebook;9001;3.689,09;Ativo
2026;00336401;Nobreak 1500VA;1501;688,53;ATIVO
2026;795388;Gaveteiro volante;9002;255,82;ATIVO
2026;207415;Nobreak 1500VA;1101;607,08;ATIVO
2026;584540;Cadeira giratória com braços;9002;714.25;Ativo
2026;767303;Condicionador de ar split;1502;3.661,58;ATIVO
2026;00200984;Notebook;9001;2.849,10;Ativo
2026;772099;Notebook;1501;4844.15;ATIVO
2026;339352;Cadeira giratória com braços;1701;614,23;ATIVO
2026;156360;Cadeira giratória com braços;1201;338,37;Ativo
2026;00766150;Monitor LED 24 polegadas;9001;989,52;ATIVO
2026;181371;Gaveteiro volante;1502;243,33;Ativo
2026;934898;Notebook;9001;2.991,39;ATIVO
2026;645992;Monitor LED 24 polegadas;1701;1.112,01;Ativo
2026;899471;Nobreak 1500VA;1201;557,81;ATIVO
2026;374408;Cadeira giratória com braços;9002;822,55;ATIVO
2026;664.843;Notebook;9001;5.647,23;ATIVO
2026;218366;Estação de trabalho;1202;2.805,77;ATIVO
2026;704783;Monitor LED 24 polegadas;1102;936,42;ATIVO
2026;171169;Impressora multifuncional;1101;1.903,51;ATIVO
2026;221194;Condicionador de ar split;1701;2.390,53;Ativo
2026;555221;Cadeira giratória com braços;1701;579,89;ATIVO
2026;227852;Cadeira giratória com braços;1401;683,50;ATIVO
2026;205775;Armário de aço 2 portas;1201;716,27;ATIVO
2026;554157;Nobreak 1500VA;1401;1057.33;ATIVO
2026;989837;Cadeira giratória com braços;1101;617,60;ATIVO
2026;154624;Armário de aço 2 portas;9002;1.562,27;ATIVO
2026;325522;Impressora multifuncional;1101;3.493,83;ATIVO
2026;585116;Mesa de escritório em L;1201;928,48;Ativo
2026;285787;Monitor LED 24 polegadas;1301;659,08;ATIVO
2026;780465;Monitor LED 24 polegadas;1202;1.178,90;ATIVO
2026;575933;Notebook;9001;5.693,28;Ativo
2026;994401;Nobreak 1500VA;9001;446.21;ATIVO
2026;949035;Impressora multifuncional;1101;1.904,40;ATIVO
2026;206782;Scanner de mesa;1102;1641.44;ATIVO
2026;529322;Impressora multifuncional;9001;1.408,77;ATIVO
2026;700839;Mesa de escritório em L;1301;1.036,09;ATIVO
2026;121925;Monitor LED 24 polegadas;1101;727,14;ATIVO
2026;191.833;Cadeira giratória com braços;1301;638,48;Ativo
2026;118016;Nobreak 1500VA;1401;996,75;ATIVO
2026;822822;Mesa de escritório em L;1701;1.287,05;ATIVO
2026;00458904;Estação de trabalho;1701;4.306,72;ATIVO
2026;301288;Scanner de mesa;1501;2.181,22;Ativo
2026;645020;Estação de trabalho;9001;3.576,38;ATIVO
2026;842493;Notebook;9002;5.688,22;ATIVO
2026;675286;Gaveteiro volante;9002;380,38;ATIVO
2026;359132;Cadeira giratória com braços;1102;667,49;ATIVO
2026;743230;Cadeira giratória com braços;1501;732,36;ATIVO
2026;258.299;Cadeira giratória com braços;1301;330,70;ATIVO
2026;991462;Mesa de escritório em L;1301;469,01;ATIVO
2026;243.073;Notebook;9002;5.335,34;ATIVO
2026;852563;Estação de trabalho;1201;4.078,15;Ativo
2026;141456;Gaveteiro volante;9002;599.86;ATIVO
2026;173867;Notebook;1201;5.218,73;ATIVO
2026;895850;Cadeira giratória com braços;1302;663,00;ATIVO
2026;510114;Monitor LED 24 polegadas;1302;1.139,50;ATIVO
2026;765871;Nobreak 1500VA;1302;803,36;ATIVO
2026;334115;Scanner de mesa;1302;837,06;ATIVO
2026;996030;Armário de aço 2 portas;1101;1.086,18;Ativo
2026;490953;Mesa de escritório em L;1701;1.338,93;Ativo
2026;376766;Mesa de escritório em L;9001;491,54;ATIVO
2026;666359;Longarina 3 lugares;1201;371,49;ATIVO
2026;693868;Cadeira giratória com braços;1101;448.90;ATIVO
2026;613775;Impressora multifuncional;1302;1.181,30;ATIVO
2026;853451;Mesa de escritório em L;1201;523,21;Ativo
2026;00229701;Mesa de escritório em L;1102;1.064,67;ATIVO
2026;825415;Nobreak 1500VA;9001;754.62;ATIVO
2026;378159;Notebook;9002;2730.40;ATIVO
2026;616396;Notebook;9001;5.527,06;ATIVO
2026;894324;Longarina 3 lugares;1101;992,61;ATIVO
2026;973153;Monitor LED 24 polegadas;1302;676.05;ATIVO
2026;915637;Monitor LED 24 polegadas;9001;786,80;ATIVO
2026;336488;Cadeira giratória com braços;1201;782,37;ATIVO
2026;177149;Nobreak 1500VA;1301;1.077,93;ATIVO
2026;328782;Notebook;1102;4.544,00;ATIVO
2026;995773;Scanner de mesa;1102;1.362,25;ATIVO
2026;758616;Longarina 3 lugares;1301;622,03;ATIVO
2026;163467;Notebook;9001;3.775,90;Ativo
2026;829910;Armário de aço 2 portas;1502;1.631,95;ATIVO
2026;105613;Impressora multifuncional;9001;2.828,18;ATIVO
2026;878356;Monitor LED 24 polegadas;1501;879,63;ATIVO
2026;551875;Cadeira giratória com braços;1202;841,53;ATIVO
2026;623840;Monitor LED 24 polegadas;1201;628,45;ATIVO
2026;790607;Gaveteiro volante;1501;254,04;ATIVO
2026;264092;Monitor LED 24 polegadas;9001;1.170,05;ATIVO
2026;522822;Monitor LED 24 polegadas;1502;875.80;ATIVO
2026;957099;Notebook;1101;4.591,22;ATIVO
2026;760278;Cadeira giratória com braços;1302;515,13;ATIVO
2026;432112;Longarina 3 lugares;1601;392,04;ATIVO
2026;763170;Cadeira giratória com braços;1301;324,59;Ativo
2026;680.200;Cadeira giratória com braços;1101;294,37;ATIVO
2026;333932;Estação de trabalho;9002;2.766,25;ATIVO
2026;821.391;Mesa de escritório em L;1501;1.243,38;ATIVO
2026;757384;Nobreak 1500VA;1502;481,69;ATIVO
2026;145609;Monitor LED 24 polegadas;9001;1.026,24;ATIVO
2026;421435;Nobreak 1500VA;1302;978,90;ATIVO
2026;594747;Nobreak 1500VA;1401;914,57;ATIVO
2026;957052;Mesa de escritório em L;1501;668,18;Ativo
2026;588741;Nobreak 1500VA;1101;459.24;ATIVO
2026;150206;Nobreak 1500VA;1502;1032.97;ATIVO
2026;475386;Gaveteiro volante;1701;293.54;ATIVO
2026;143935;Nobreak 1500VA;1101;841,30;ATIVO
2026;932303;Estação de trabalho;1101;4362.84;ATIVO
2026;337629;Impressora multifuncional;1601;1.662,59;ATIVO
2026;126416;Impressora multifuncional;9001;2021.49;ATIVO
2026;171292;Condicionador de ar split;9002;3783.35;ATIVO
2026;578220;Impressora multifuncional;1502;1537.58;ATIVO
2026;206.845;Impressora multifuncional;1401;1.744,20;ATIVO
2026;850080;Notebook;9001;5.450,13;ATIVO
2026;249936;Cadeira giratória com braços;1101;357,92;Ativo
2026;817100;Armário de aço 2 portas;1201;520.87;ATIVO
2026;126853;Monitor LED 24 polegadas;1201;1.168,91;ATIVO
2026;347481;Estação de trabalho;1701;3.180,38;ATIVO
2026;796226;Mesa de escritório em L;1501;1.344,36;ATIVO
2026;549399;Monitor LED 24 polegadas;1501;1.058,70;ATIVO
2026;190510;Armário de aço 2 portas;1601;1.358,33;Ativo
2026;548604;Estação de trabalho;9001;3.196,02;ATIVO
2026;178268;Cadeira giratória com braços;1302;506,30;ATIVO
2026;296882;Notebook;9001;2.908,38;ATIVO
2026;596984;Mesa de escritório em L;1301;409,68;ATIVO
2026;768041;Monitor LED 24 polegadas;1501;885,98;Ativo
2026;241544;Monitor LED 24 polegadas;1401;993,16;ATIVO
2026;940341;Longarina 3 lugares;1401;683,12;ATIVO
2026;264709;Gaveteiro volante;9002;266,50;Ativo
2026;212646;Monitor LED 24 polegadas;1301;1.156,89;ATIVO
2026;114932;Scanner de mesa;1102;1.252,01;ATIVO
2026;905355;Estação de trabalho;1101;2.649,68;ATIVO
2026;242022;Mesa de escritório em L;1101;1.060,35;ATIVO
2026;335576;Estação de trabalho;1201;3.766,42;ATIVO
2026;703303;Notebook;1401;5.204,31;ATIVO
2026;667299;Nobreak 1500VA;1502;940.44;ATIVO
2026;284904;Longarina 3 lugares;1202;624,85;Ativo
2026;380029;Gaveteiro volante;1102;441.34;ATIVO
2026;695593;Cadeira giratória com braços;1102;779,26;ATIVO
2026;629255;Monitor LED 24 polegadas;9001;686,42;Ativo
2026;332344;Monitor LED 24 polegadas;1601;762,42;Ativo
2026;254.276;Nobreak 1500VA;1102;861,48;ATIVO
2025;842159;Cadeira giratória com braços;9002;368,15;ATIVO
2026;365061;Cadeira giratória com braços;9002;234,78;ATIVO
2026;248917;Estação de trabalho;1102;3091.21;ATIVO
2026;00886904;Nobreak 1500VA;9001;648,06;ATIVO
2026;121147;Estação de trabalho;9001;3.101,32;ATIVO
2026;140118;Notebook;1101;4.568,50;ATIVO
2026;588165;Cadeira giratória com braços;9002;713,29;ATIVO
2026;212779;Cadeira giratória com braços;1102;661,73;ATIVO
2026;687336;Nobreak 1500VA;9001;1.146,97;ATIVO
2026;926441;Cadeira giratória com braços;9002;489,73;ATIVO
2026;286306;Mesa de escritório em L;1102;1.432,96;ATIVO
2026;361275;Cadeira giratória com braços;1301;608,23;ATIVO
2026;996386;Gaveteiro volante;1201;204,25;Ativo
2026;494848;Gaveteiro volante;1401;421,80;Ativo
2026;295534;Cadeira giratória com braços;1501;653,73;ATIVO
2026;280665;Nobreak 1500VA;1601;919,11;Ativo
2026;397764;Estação de trabalho;9001;2.867,63;ATIVO
2026;425916;Monitor LED 24 polegadas;9001;590,47;ATIVO
2026;538638;Longarina 3 lugares;1201;466,19;Ativo
2026;459.173;Cadeira giratória com braços;9002;619,37;ATIVO
2026;00692399;Nobreak 1500VA;1101;499,59;ATIVO
2026;312107;Nobreak 1500VA;9002;858,27;ATIVO
2026;321198;Scanner de mesa;1502;1.733,10;ATIVO
2026;516763;Monitor LED 24 polegadas;1601;744,46;ATIVO
2026;677486;Monitor LED 24 polegadas;9001;778.47;ATIVO
2026;367137;Monitor LED 24 polegadas;1201;1.076,60;ATIVO
2026;688849;Armário de aço 2 portas;1501;1255.84;ATIVO
2026;180123;Estação de trabalho;9001;2.900,55;Ativo
2026;469555;Cadeira giratória com braços;1201;369,58;ATIVO
2026;528988;Mesa de escritório em L;1202;932,33;ATIVO
2026;723874;Notebook;1302;3.196,28;ATIVO
2026;445184;Notebook;9001;3.841,18;ATIVO
2026;740387;Gaveteiro volante;1301;215,28;ATIVO
2026;514580;Notebook;9001;5.886,90;Ativo
2026;263802;Mesa de escritório em L;1601;1.262,94;ATIVO
2026;709301;Cadeira giratória com braços;1102;713,86;ATIVO
2026;616489;Estação de trabalho;1401;3.827,22;ATIVO
2026;602925;Gaveteiro volante;9002;379,85;ATIVO
2026;470669;Monitor LED 24 polegadas;1202;696,64;ATIVO
2025;507366;Impressora multifuncional;9002;3.463,75;ATIVO
2026;858365;Monitor LED 24 polegadas;1101;707.07;ATIVO
2026;154194;Gaveteiro volante;1502;198,06;ATIVO
2026;00966935;Notebook;9001;4.744,36;ATIVO
2026;314394;Monitor LED 24 polegadas;1401;1.183,29;ATIVO
2026;391407;Monitor LED 24 polegadas;9001;619,99;ATIVO
2026;00215069;Armário de aço 2 portas;1101;1.570,69;ATIVO
2026;810905;Cadeira giratória com braços;1301;529,49;ATIVO
2026;896299;Gaveteiro volante;1202;589,75;ATIVO
2026;354910;Longarina 3 lugares;9002;912,55;ATIVO
2026;939378;Estação de trabalho;1501;3576.45;ATIVO
2026;692480;Nobreak 1500VA;1301;610,61;ATIVO
2026;368267;Armário de aço 2 portas;9002;747,69;ATIVO
2026;565.179;Armário de aço 2 portas;1101;675,68;ATIVO
2026;124026;Scanner de mesa;1202;1.888,48;ATIVO
2026;00181106;Monitor LED 24 polegadas;1202;732,59;ATIVO
2026;780557;Monitor LED 24 polegadas;9001;832,51;ATIVO
2026;105862;Estação de trabalho;9001;3.739,63;ATIVO
2026;480776;Notebook;9001;5.308,28;ATIVO
2026;718887;Mesa de escritório em L;9002;878.40;ATIVO
2026;269032;Monitor LED 24 polegadas;1601;1.106,93;ATIVO
2026;162368;Estação de trabalho;1102;3.727,56;ATIVO
2026;456653;Gaveteiro volante;9002;271,90;ATIVO
2026;563785;Gaveteiro volante;1302;607,35;ATIVO
2026;211295;Impressora multifuncional;1401;2.693,13;ATIVO
2026;988842;Cadeira giratória com braços;1401;356,75;ATIVO
2026;323424;Monitor LED 24 polegadas;9002;716,48;ATIVO
2026;531798;Estação de trabalho;1302;4.606,69;ATIVO
2026;386938;Cadeira giratória com braços;9002;315.52;ATIVO
2026;678700;Notebook;9001;3.011,55;ATIVO
2026;680684;Armário de aço 2 portas;1601;1.229,48;ATIVO
2026;998453;Notebook;9001;3.120,96;ATIVO
2026;876140;Scanner de mesa;1201;1901.64;ATIVO
2026;00433116;Nobreak 1500VA;9001;915,21;ATIVO
2026;264281;Estação de trabalho;9001;4.033,08;ATIVO
2026;822.660;Cadeira giratória com braços;1101;236,53;Ativo
2026;177542;Monitor LED 24 polegadas;1301;678,00;ATIVO
2026;998769;Armário de aço 2 portas;1201;755,75;Ativo
2026;348.913;Mesa de escritório em L;1401;964,38;ATIVO
2026;158846;Monitor LED 24 polegadas;1201;1.058,87;Ativo
2026;00688953;Longarina 3 lugares;1301;502.56;Ativo
2026;535.231;Mesa de escritório em L;1202;839,54;ATIVO
2026;525475;Impressora multifuncional;1302;2.708,96;ATIVO
2026;230758;Impressora multifuncional;1101;1.761,49;ATIVO
2026;915844;Monitor LED 24 polegadas;9001;806,07;ATIVO
2026;731875;Longarina 3 lugares;9002;412,16;ATIVO
2026;378040;Cadeira giratória com braços;1501;354,03;ATIVO
2026;261102;Armário de aço 2 portas;1301;1.350,43;Ativo
2026;655024;Estação de trabalho;1202;3.103,96;ATIVO
2026;243188;Monitor LED 24 polegadas;1202;1.126,20;ATIVO
2026;493293;Condicionador de ar split;9002;2.894,64;ATIVO
2026;127167;Gaveteiro volante;1301;488,12;ATIVO
2026;444246;Cadeira giratória com braços;1101;753,23;ATIVO
2026;353532;Cadeira giratória com braços;1101;815,71;ATIVO
2026;652892;Estação de trabalho;1202;3.675,98;Ativo
2026;497216;Armário de aço 2 portas;1401;1.524,83;Ativo
2026;182356;Notebook;1301;5889.97;ATIVO
2026;529660;Nobreak 1500VA;9002;644,70;ATIVO
2026;592698;Gaveteiro volante;1701;208,98;ATIVO
2026;829127;Condicionador de ar split;1102;3.999,35;ATIVO
2026;883100;Condicionador de ar split;1701;2.145,14;ATIVO
2026;357325;Nobreak 1500VA;1202;429,90;Ativo
2026;320212;Estação de trabalho;9002;2.817,13;ATIVO
2026;509099;Cadeira giratória com braços;1201;858,30;Ativo
2026;00534785;Notebook;1502;4.310,73;ATIVO
2026;111707;Estação de trabalho;1201;3.499,30;ATIVO
2026;971134;Notebook;9001;3.760,12;ATIVO
2026;893048;Cadeira giratória com braços;9001;279,61;ATIVO
2026;688869;Condicionador de ar split;1401;4033.97;ATIVO
2026;849228;Cadeira giratória com braços;9002;266,18;ATIVO
2026;147268;Monitor LED 24 polegadas;1101;1.193,86;ATIVO
2026;202732;Longarina 3 lugares;1401;848,55;ATIVO
2026;651058;Nobreak 1500VA;1202;737,45;ATIVO
2026;627801;Nobreak 1500VA;9001;1.047,90;ATIVO
2026;888109;Mesa de escritório em L;9002;882,62;ATIVO
2026;775777;Impressora multifuncional;1102;3.336,21;ATIVO
2026;543438;Mesa de escritório em L;9001;728,82;ATIVO
2026;701437;Cadeira giratória com braços;1101;666,36;ATIVO
2026;839986;Impressora multifuncional;1201;2.508,81;ATIVO
2026;228207;Monitor LED 24 polegadas;9001;857,45;ATIVO
2026;696413;Cadeira giratória com braços;1401;762,65;Ativo
2026;401945;Mesa de escritório em L;1401;565,13;ATIVO
2026;827665;Mesa de escritório em L;1302;595,29;ATIVO
2026;833076;Mesa de escritório em L;1501;1.097,43;ATIVO
2026;995.181;Longarina 3 lugares;1101;769.45;ATIVO
2026;295933;Mesa de escritório em L;1701;769,52;ATIVO
2026;654901;Condicionador de ar split;1502;3.535,72;ATIVO
2026;154619;Armário de aço 2 portas;9002;896,58;ATIVO
2026;483248;Cadeira giratória com braços;1601;456,60;ATIVO
2026;103271;Gaveteiro volante;9002;251,46;ATIVO
2026;603579;Notebook;1701;5.360,81;ATIVO
2026;569887;Monitor LED 24 polegadas;1102;1.151,96;Ativo
2026;698154;Estação de trabalho;1201;2.616,88;Ativo
2026;658102;Mesa de escritório em L;9002;896,08;ATIVO
2026;632969;Armário de aço 2 portas;1301;612,73;ATIVO
2026;378377;Gaveteiro volante;1102;573,18;ATIVO
2026;618378;Nobreak 1500VA;1101;846,54;ATIVO
2026;399754;Longarina 3 lugares;1102;740,30;ATIVO
2026;00168110;Monitor LED 24 polegadas;1201;986,62;ATIVO
2026;326.604;Longarina 3 lugares;1302;638,06;ATIVO
2026;718155;Gaveteiro volante;1301;511,81;ATIVO
2026;673816;Cadeira giratória com braços;1202;719,00;ATIVO
2026;686770;Monitor LED 24 polegadas;9001;1.123,03;ATIVO
2026;00520754;Scanner de mesa;9001;818.91;ATIVO
2026;755909;Estação de trabalho;1501;2931.68;ATIVO
2026;294898;Cadeira giratória com braços;9002;348,14;ATIVO
2026;825092;Estação de trabalho;9001;2.689,74;ATIVO
2026;827138;Cadeira giratória com braços;1501;293,55;Ativo
2026;530480;Condicionador de ar split;1302;3.457,19;ATIVO
2026;222999;Monitor LED 24 polegadas;9001;817.05;ATIVO
2026;727452;Estação de trabalho;1401;4.166,83;ATIVO
2026;831802;Impressora multifuncional;1201;3.284,37;ATIVO
2026;185698;Estação de trabalho;1102;2.950,10;ATIVO
2026;889562;Monitor LED 24 polegadas;1101;914,24;ATIVO
2026;144201;Estação de trabalho;9001;4.730,62;ATIVO
2026;904353;Monitor LED 24 polegadas;1502;560,77;Ativo
2026;225787;Monitor LED 24 polegadas;1701;566,29;ATIVO
2026;840759;Mesa de escritório em L;1201;966,43;ATIVO
2026;786581;Estação de trabalho;9001;3.813,79;ATIVO
2026;745691;Monitor LED 24 polegadas;9002;763,52;ATIVO
2026;346474;Cadeira giratória com braços;1301;631,58;ATIVO
2026;421271;Longarina 3 lugares;1101;719.60;Ativo
2026;286752;Armário de aço 2 portas;9002;1.393,87;ATIVO
2026;866296;Scanner de mesa;1202;1.562,62;ATIVO
2026;180490;Monitor LED 24 polegadas;1202;1.217,59;ATIVO
2026;400182;Monitor LED 24 polegadas;9001;1.075,29;ATIVO
2026;563193;Estação de trabalho;1102;4.806,76;ATIVO
2026;671834;Notebook;1401;5.620,68;ATIVO
2026;900363;Nobreak 1500VA;1101;1.044,23;Ativo
2026;417265;Notebook;9001;4.525,47;ATIVO
2026;784353;Gaveteiro volante;9002;563,28;ATIVO
2026;632824;Estação de trabalho;1501;2.587,77;Ativo
2026;207677;Estação de trabalho;9002;4.293,80;ATIVO
2026;574851;Estação de trabalho;9001;3.063,81;ATIVO
2026;333391;Scanner de mesa;9002;860,33;ATIVO
2026;457184;Cadeira giratória com braços;1401;812.82;ATIVO
2026;376938;Longarina 3 lugares;9002;945,52;ATIVO
2026;854178;Condicionador de ar split;1302;2.053,37;Ativo
2026;747781;Monitor LED 24 polegadas;1501;1.191,72;ATIVO
2026;647.884;Cadeira giratória com braços;1701;241,66;Ativo
2026;627424;Gaveteiro volante;1501;399,17;ATIVO
2026;400051;Impressora multifuncional;1502;1.584,16;ATIVO
2026;794923;Mesa de escritório em L;1701;1202.29;ATIVO
2026;753966;Mesa de escritório em L;1101;950,08;ATIVO
2026;256450;Monitor LED 24 polegadas;1501;744.03;ATIVO
2026;919812;Mesa de escritório em L;1501;1.201,61;ATIVO
2026;707803;Cadeira giratória com braços;1201;272,88;ATIVO
2026;953611;Impressora multifuncional;1301;2.430,67;ATIVO
2026;905350;Mesa de escritório em L;1201;430,96;Ativo
2026;144309;Monitor LED 24 polegadas;9001;1.064,01;ATIVO
2026;944606;Monitor LED 24 polegadas;1201;1.040,62;ATIVO
2026;676958;Condicionador de ar split;9002;2.786,60;ATIVO
2026;746993;Estação de trabalho;1601;3.451,11;ATIVO
2026;746615;Cadeira giratória com braços;1102;341,79;ATIVO
2026;920001;Longarina 3 lugares;1502;503,37;ATIVO
2026;580117;Mesa de escritório em L;1701;1.005,06;ATIVO
2026;109015;Nobreak 1500VA;9001;919,20;ATIVO
2026;918646;Monitor LED 24 polegadas;1301;1125.64;Ativo
2026;408623;Cadeira giratória com braços;9002;665,39;ATIVO
2026;132708;Monitor LED 24 polegadas;1601;928,84;ATIVO
2026;582408;Cadeira giratória com braços;1701;397,48;Ativo
2026;128843;Cadeira giratória com braços;1201;265,69;ATIVO
2026;853.427;Nobreak 1500VA;1501;836,95;ATIVO
2026;694349;Mesa de escritório em L;1302;539,87;ATIVO
2026;959254;Condicionador de ar split;1401;3.180,66;ATIVO
2026;390426;Nobreak 1500VA;9001;709,72;Ativo
2026;328100;Condicionador de ar split;1201;2.724,14;ATIVO
2026;101325;Monitor LED 24 polegadas;1101;742,87;ATIVO
2026;790304;Cadeira giratória com braços;9002;783,83;ATIVO
2026;360984;Gaveteiro volante;1302;415,39;ATIVO
2026;185362;Longarina 3 lugares;9001;910,80;ATIVO
2026;728489;Monitor LED 24 polegadas;9001;909,68;ATIVO
2026;889671;Cadeira giratória com braços;9002;272,17;ATIVO
2026;857861;Nobreak 1500VA;9001;1.085,01;ATIVO
2026;551657;Estação de trabalho;9002;3.477,72;ATIVO
2026;911139;Longarina 3 lugares;1501;503,81;ATIVO
2026;662302;Monitor LED 24 polegadas;1102;566,12;Ativo
2026;937537;Condicionador de ar split;1202;3.193,94;ATIVO
2026;213891;Gaveteiro volante;1301;356,68;ATIVO
2026;682049;Notebook;9001;4.111,84;ATIVO
2026;631293;Notebook;1102;4.458,28;ATIVO
2026;410015;Monitor LED 24 polegadas;1301;575,53;ATIVO
2026;915949;Longarina 3 lugares;1202;373,48;ATIVO
2026;771950;Monitor LED 24 polegadas;1501;675,49;ATIVO
2026;392591;Scanner de mesa;9001;1.471,83;ATIVO
2026;540056;Scanner de mesa;1102;2104.31;ATIVO
2026;149374;Armário de aço 2 portas;1302;991,36;ATIVO
2026;562723;Estação de trabalho;1201;2.384,37;ATIVO
2026;906794;Monitor LED 24 polegadas;1701;911,58;ATIVO
2026;646740;Nobreak 1500VA;1202;868,21;ATIVO
2026;545891;Mesa de escritório em L;1601;1016.07;ATIVO
2026;180988;Gaveteiro volante;9002;490.60;ATIVO
2026;716151;Armário de aço 2 portas;1502;1.033,10;ATIVO
2026;723577;Armário de aço 2 portas;1302;1.015,64;ATIVO
2026;992433;Estação de trabalho;1101;2.591,09;ATIVO
2026;744960;Gaveteiro volante;1601;439,40;ATIVO
2026;105618;Nobreak 1500VA;1101;563,61;ATIVO
2026;330561;Monitor LED 24 polegadas;1101;840,05;Ativo
2026;468831;Monitor LED 24 polegadas;9001;762,44;ATIVO
2026;131850;Cadeira giratória com braços;1202;547,23;ATIVO
2026;732079;Notebook;9001;5.648,70;ATIVO
2026;244275;Monitor LED 24 polegadas;9001;1.132,26;ATIVO
2026;921881;Monitor LED 24 polegadas;1502;955,95;ATIVO
2026;323348;Armário de aço 2 portas;9002;1721.80;Ativo
2026;432332;Estação de trabalho;1401;4.257,38;ATIVO
2026;137793;Longarina 3 lugares;1201;693,08;ATIVO
2026;848169;Cadeira giratória com braços;1102;821,26;ATIVO
2026;915815;Notebook;9001;4.168,24;ATIVO
2026;160993;Nobreak 1500VA;9001;661.48;ATIVO
2026;610877;Mesa de escritório em L;1302;567,21;ATIVO
2026;584384;Gaveteiro volante;1401;587,55;ATIVO
2026;311591;Longarina 3 lugares;1101;612,66;ATIVO
2026;149.444;Impressora multifuncional;9001;2.563,46;Ativo
2026;887406;Estação de trabalho;9001;3.090,19;ATIVO
2026;631981;Cadeira giratória com braços;1101;402,76;ATIVO
2026;433549;Impressora multifuncional;9002;2.505,45;ATIVO
2026;496968;Longarina 3 lugares;1301;742,43;ATIVO
2026;828.179;Nobreak 1500VA;1102;1.066,05;ATIVO
2026;394633;Nobreak 1500VA;1301;1.154,29;ATIVO
2026;143168;Armário de aço 2 portas;1302;1.126,26;ATIVO
2026;429928;Notebook;9001;5.119,57;ATIVO
2026;659285;Gaveteiro volante;1102;408,76;ATIVO
2026;00463926;Gaveteiro volante;9001;281,16;ATIVO
2026;416993;Mesa de escritório em L;1101;1.121,57;ATIVO
2026;269604;Notebook;9001;3.480,86;ATIVO
2026;988.486;Armário de aço 2 portas;1401;808,92;ATIVO
2026;789359;Monitor LED 24 polegadas;9001;631,70;ATIVO
2026;646417;Monitor LED 24 polegadas;1502;638,72;ATIVO
2026;851024;Cadeira giratória com braços;1401;754,55;ATIVO
2026;783354;Gaveteiro volante;9002;274,45;ATIVO
2026;366103;Estação de trabalho;9001;3.807,71;ATIVO
2026;209483;Impressora multifuncional;1302;3.064,36;Ativo
2026;860857;Estação de trabalho;1701;3.679,03;ATIVO
2026;790336;Mesa de escritório em L;1501;1.309,95;ATIVO
2026;410988;Nobreak 1500VA;1301;751,89;ATIVO
2026;00727841;Cadeira giratória com braços;1701;374,56;ATIVO
2026;527431;Nobreak 1500VA;9001;896,69;ATIVO
2026;419232;Notebook;9001;3.873,97;ATIVO
2026;247900;Armário de aço 2 portas;9002;1.555,74;ATIVO
2026;359247;Notebook;1701;4.051,60;ATIVO
2026;440965;Estação de trabalho;1102;4.329,49;ATIVO
2026;775.656;Longarina 3 lugares;1302;936.93;Ativo
2026;430433;Monitor LED 24 polegadas;1102;677,21;ATIVO
2026;441020;Impressora multifuncional;1601;1.414,54;ATIVO
2026;211066;Armário de aço 2 portas;1601;1.228,25;Ativo
2026;198292;Condicionador de ar split;1301;1.606,98;ATIVO
2026;624623;Monitor LED 24 polegadas;1101;1.091,62;ATIVO
2026;153850;Monitor LED 24 polegadas;1501;1.146,97;ATIVO
2026;256032;Estação de trabalho;9001;4.482,13;ATIVO
2026;00815191;Mesa de escritório em L;9002;719,79;ATIVO
2026;422051;Estação de trabalho;9002;4.314,84;ATIVO
2026;368680;Estação de trabalho;9002;2.652,32;ATIVO
2026;726899;Notebook;1301;3.205,68;ATIVO
2026;731045;Mesa de escritório em L;1201;1.274,08;ATIVO
2026;847828;Cadeira giratória com braços;1501;345,67;ATIVO
2026;217970;Monitor LED 24 polegadas;1502;1.207,33;Ativo
2026;616608;Scanner de mesa;1101;1.710,43;ATIVO
2026;784503;Notebook;1302;4.511,60;ATIVO
2026;233956;Monitor LED 24 polegadas;1202;596,36;ATIVO
2026;216103;Cadeira giratória com braços;9001;718,56;ATIVO
2026;380584;Cadeira giratória com braços;1501;669,10;ATIVO
2026;588037;Notebook;9001;5.368,83;Ativo
2026;681885;Monitor LED 24 polegadas;1201;929.10;ATIVO
2026;605709;Longarina 3 lugares;1701;929,74;ATIVO
2026;429.578;Impressora multifuncional;1205;3.212,75;ATIVO
2026;732618;Nobreak 1500VA;1202;600,77;Ativo
2026;251594;Mesa de escritório em L;1101;1.035,11;ATIVO
2026;275595;Gaveteiro volante;1401;372,88;ATIVO
2026;826403;Estação de trabalho;9002;4.287,27;ATIVO
2026;199247;Gaveteiro volante;1201;393,79;ATIVO
2026;945371;Monitor LED 24 polegadas;1202;1.038,55;Ativo
2026;982391;Condicionador de ar split;1202;2.157,96;ATIVO
2026;819147;Notebook;1701;5.031,11;ATIVO
2026;00797150;Monitor LED 24 polegadas;9001;1.140,00;ATIVO
2026;759318;Monitor LED 24 polegadas;1301;1.063,83;ATIVO
2026;603321;Impressora multifuncional;9001;3.305,08;ATIVO
2026;467515;Longarina 3 lugares;9002;1.011,64;ATIVO
2026;915.783;Cadeira giratória com braços;9002;430,92;ATIVO
2026;459231;Estação de trabalho;1501;4.027,38;ATIVO
2026;00583057;Notebook;9001;5700.17;ATIVO
2026;569479;Notebook;9001;2.941,17;ATIVO
2026;977622;Cadeira giratória com braços;1701;316,28;ATIVO
2026;661395;Gaveteiro volante;1201;457.46;Ativo
2026;662622;Mesa de escritório em L;1501;1.043,31;ATIVO
2026;131659;Cadeira giratória com braços;1102;662,61;Ativo
2026;815607;Gaveteiro volante;1301;578,60;ATIVO
2026;613196;Cadeira giratória com braços;1502;251,37;ATIVO
2026;371972;Armário de aço 2 portas;1401;824,94;ATIVO
2026;446025;Cadeira giratória com braços;1301;747,14;ATIVO
2026;282905;Mesa de escritório em L;1502;1.312,50;ATIVO
2026;864228;Mesa de escritório em L;1701;598,94;ATIVO
2026;967312;Armário de aço 2 portas;1301;1.558,29;ATIVO
2026;991155;Armário de aço 2 portas;1601;626,63;ATIVO
2026;645367;Gaveteiro volante;1502;298,76;ATIVO
2026;618435;Cadeira giratória com braços;1301;266,09;ATIVO
2026;224695;Mesa de escritório em L;9002;1.015,98;ATIVO
2026;797268;Gaveteiro volante;1501;504,66;ATIVO
2026;492781;Armário de aço 2 portas;1601;1.676,14;ATIVO
2026;834054;Nobreak 1500VA;9001;1.161,29;ATIVO
2026;898693;Armário de aço 2 portas;1501;966,85;ATIVO
2026;314185;Monitor LED 24 polegadas;9002;775,36;ATIVO
2026;770667;Nobreak 1500VA;1201;598,81;ATIVO
2026;159108;Gaveteiro volante;1601;356,19;ATIVO
2026;234873;Monitor LED 24 polegadas;1501;853,57;Ativo
2026;646195;Longarina 3 lugares;1201;816,35;ATIVO
2026;169851;Longarina 3 lugares;1401;588,50;ATIVO
2026;915770;Mesa de escritório em L;1501;919,86;ATIVO
2026;686159;Mesa de escritório em L;1101;462,94;ATIVO
2026;267158;Mesa de escritório em L;1101;475,65;ATIVO
2026;716741;Notebook;1201;3.720,92;ATIVO
2026;00693553;Monitor LED 24 polegadas;9001;1210.95;Ativo
2026;00741317;Impressora multifuncional;9001;3.174,89;ATIVO
2026;00764721;Estação de trabalho;1701;2.888,66;ATIVO
2026;247996;Monitor LED 24 polegadas;1101;884.69;ATIVO
2026;823884;Estação de trabalho;1102;4.405,55;ATIVO
2026;244606;Cadeira giratória com braços;1102;784,20;ATIVO
2026;804005;Mesa de escritório em L;1501;827,45;ATIVO
2026;470665;Cadeira giratória com braços;1301;435,75;ATIVO
2026;749583;Mesa de escritório em L;1102;1.225,94;ATIVO
2026;404613;Cadeira giratória com braços;9002;277,64;Ativo
2026;782495;Armário de aço 2 portas;1201;910,99;ATIVO
2026;726841;Cadeira giratória com braços;1102;257,32;ATIVO
2026;917250;Cadeira giratória com braços;1401;593,88;ATIVO
2026;444793;Scanner de mesa;1201;2.059,67;ATIVO
2026;500594;Cadeira giratória com braços;1202;536,58;ATIVO
2026;647396;Gaveteiro volante;1202;537.24;ATIVO
2026;943721;Condicionador de ar split;1102;2.719,96;ATIVO
2026;536711;Impressora multifuncional;1102;1.929,90;ATIVO
2026;935431;Cadeira giratória com braços;1101;351,07;ATIVO
2026;969989;Mesa de escritório em L;1302;708,36;Ativo
2026;455252;Nobreak 1500VA;1601;695.81;ATIVO
2026;789049;Estação de trabalho;9001;2.922,99;ATIVO
2026;120081;Estação de trabalho;9001;3.863,41;ATIVO
2026;444242;Mesa de escritório em L;1301;668.90;ATIVO
2026;939656;Scanner de mesa;1102;2.249,43;ATIVO
2026;556910;Mesa de escritório em L;1201;711,26;ATIVO
2026;647.906;Nobreak 1500VA;9001;586,29;Ativo
2026;478276;Monitor LED 24 polegadas;1701;940,23;Ativo
2026;678040;Scanner de mesa;1201;1.530,92;ATIVO
2026;581682;Notebook;9001;5.779,09;ATIVO
2026;783081;Mesa de escritório em L;1301;677,49;ATIVO
2026;317832;Estação de trabalho;9001;2.571,41;ATIVO
2026;683455;Notebook;1401;3.148,20;ATIVO
2026;128951;Cadeira giratória com braços;1102;273,83;Ativo
2026;667621;Estação de trabalho;1701;3.539,90;Ativo
2026;278663;Armário de aço 2 portas;1501;1.038,68;ATIVO
2026;115330;Mesa de escritório em L;1201;763,41;Ativo
2026;482937;Condicionador de ar split;1201;3105.70;ATIVO
2026;403368;Impressora multifuncional;1102;2.971,52;ATIVO
2026;735805;Mesa de escritório em L;1701;385,24;ATIVO
2026;164923;Gaveteiro volante;9002;458.82;ATIVO
2026;893868;Cadeira giratória com braços;1701;292,28;Ativo
2026;258377;Monitor LED 24 polegadas;9002;804,94;ATIVO
2026;137863;Gaveteiro volante;1202;218.68;ATIVO
2026;541819;Notebook;9001;3.716,83;ATIVO
2026;366564;Nobreak 1500VA;1101;683,87;ATIVO
2026;854210;Monitor LED 24 polegadas;1601;577,14;Ativo
2026;278.213;Longarina 3 lugares;9002;556,35;ATIVO
2026;404244;Gaveteiro volante;1201;581.57;ATIVO
2026;121966;Gaveteiro volante;1102;326,13;Ativo
2026;554030;Monitor LED 24 polegadas;1401;828,44;Ativo
2026;616844;Cadeira giratória com braços;1101;515,02;ATIVO
2026;765599;Estação de trabalho;9001;3.151,52;ATIVO
2026;458837;Armário de aço 2 portas;9001;1.585,49;ATIVO
2026;878792;Notebook;1302;5.770,75;ATIVO
2026;224766;Condicionador de ar split;1201;2.855,48;Ativo
2026;816437;Estação de trabalho;1202;2.561,65;ATIVO
2026;407045;Armário de aço 2 portas;1601;936,96;ATIVO
2026;505130;Condicionador de ar split;9002;4.070,22;ATIVO
2026;00985426;Cadeira giratória com braços;9002;686,64;ATIVO
2026;252570;Impressora multifuncional;1601;3.495,78;ATIVO
2026;727465;Notebook;1401;6.175,90;ATIVO
2026;281.072;Mesa de escritório em L;1302;978,52;ATIVO
2026;782.188;Armário de aço 2 portas;1701;1.543,29;ATIVO
2026;615474;Monitor LED 24 polegadas;1701;967,84;ATIVO
2026;171756;Cadeira giratória com braços;1102;744.83;ATIVO
2026;346305;Monitor LED 24 polegadas;9002;1.035,72;ATIVO
2026;508091;Armário de aço 2 portas;1301;1.711,56;ATIVO
2026;411147;Longarina 3 lugares;1202;719,10;ATIVO
2026;733820;Cadeira giratória com braços;1302;348,84;Ativo
2026;158923;Mesa de escritório em L;1102;1.157,43;ATIVO
2026;286055;Estação de trabalho;9001;3.742,89;ATIVO
2026;435156;Estação de trabalho;9001;3.840,67;ATIVO
2026;955615;Condicionador de ar split;1502;3.519,57;ATIVO
2026;705206;Nobreak 1500VA;1101;725,29;ATIVO
2026;941789;Mesa de escritório em L;1101;806,89;ATIVO
2026;767252;Notebook;1601;4.414,68;ATIVO
2026;407.997;Notebook;9001;4.695,63;ATIVO
2026;613986;Condicionador de ar split;1205;2.337,18;ATIVO
2026;626034;Mesa de escritório em L;1301;882,96;ATIVO
2026;614218;Cadeira giratória com braços;1101;713,68;ATIVO
2026;343277;Estação de trabalho;1301;2.950,61;ATIVO
2026;319055;Cadeira giratória com braços;1301;801,72;ATIVO
2026;945113;Estação de trabalho;9001;3.665,04;ATIVO
2026;744968;Cadeira giratória com braços;1501;796,00;Ativo
2026;610861;Gaveteiro volante;9002;444,00;ATIVO
2026;572309;Cadeira giratória com braços;1401;341,06;ATIVO
2026;302149;Cadeira giratória com braços;1401;564,01;ATIVO
2026;997404;Nobreak 1500VA;9001;1.035,87;ATIVO
2026;670525;Cadeira giratória com braços;1101;280,77;Ativo
2026;201526;Gaveteiro volante;9002;313,54;ATIVO
2026;131351;Notebook;9001;4.119,03;ATIVO
2026;161669;Nobreak 1500VA;9002;426,45;ATIVO
2026;437037;Estação de trabalho;9001;3.148,61;ATIVO
2026;270293;Scanner de mesa;1101;1.788,75;ATIVO
2026;430227;Mesa de escritório em L;1302;975,50;ATIVO
2026;00230694;Mesa de escritório em L;1302;565,83;ATIVO
2026;957891;Notebook;1501;3.093,94;Ativo
2026;652051;Mesa de escritório em L;1501;1.236,85;ATIVO
2026;864508;Monitor LED 24 polegadas;1701;696.66;ATIVO
2026;540.626;Nobreak 1500VA;9001;769.05;ATIVO
2026;157997;Impressora multifuncional;9001;1.711,18;ATIVO
2026;880263;Estação de trabalho;1301;3.498,66;ATIVO
2026;460410;Cadeira giratória com braços;1301;344,07;ATIVO
2026;799125;Monitor LED 24 polegadas;9001;982,42;ATIVO
2026;981282;Mesa de escritório em L;1102;1422.98;Ativo
2026;568865;Armário de aço 2 portas;1201;1212.37;ATIVO
2026;347319;Estação de trabalho;9001;4.244,38;ATIVO
2026;262889;Monitor LED 24 polegadas;1102;1.166,92;ATIVO
2026;493771;Gaveteiro volante;1101;295,27;ATIVO
2026;378552;Cadeira giratória com braços;1301;358,35;ATIVO
2026;360787;Scanner de mesa;1102;1.815,46;ATIVO
2026;938704;Notebook;9001;4.629,92;ATIVO
2026;518179;Condicionador de ar split;1302;2.600,54;ATIVO
2026;345240;Mesa de escritório em L;1201;530,83;ATIVO
2026;933379;Impressora multifuncional;1701;3.138,38;ATIVO
2026;888363;Monitor LED 24 polegadas;1501;761.91;ATIVO
2026;436220;Cadeira giratória com braços;9002;525,44;ATIVO
2026;390844;Notebook;9002;3.740,09;ATIVO
2026;519025;Armário de aço 2 portas;1502;802,93;Ativo
2026;262027;Cadeira giratória com braços;1601;636,21;ATIVO
2026;657730;Impressora multifuncional;1101;1829.78;ATIVO
2026;189543;Monitor LED 24 polegadas;9001;658,06;ATIVO
2026;122367;Scanner de mesa;9001;1.440,27;ATIVO
2026;794165;Mesa de escritório em L;1501;1.174,48;ATIVO
2026;458556;Monitor LED 24 polegadas;1701;1.241,94;ATIVO
2026;639538;Cadeira giratória com braços;1601;657.00;ATIVO
2026;781263;Nobreak 1500VA;1101;764,42;ATIVO
2026;921288;Cadeira giratória com braços;1501;317,68;ATIVO
2026;958061;Cadeira giratória com braços;1401;723,34;ATIVO
2026;879439;Estação de trabalho;1201;2.458,25;Ativo
2026;200819;Armário de aço 2 portas;1201;1.284,73;Ativo
2026;00612546;Cadeira giratória com braços;1601;408,02;ATIVO
2026;742198;Gaveteiro volante;1601;539.08;Ativo
2026;00717492;Estação de trabalho;1302;3.410,00;Ativo
2026;00542571;Armário de aço 2 portas;1701;717,50;ATIVO
2026;685427;Gaveteiro volante;1202;490,88;ATIVO
2026;654505;Monitor LED 24 polegadas;1401;898,99;ATIVO
2026;824692;Cadeira giratória com braços;1601;272,23;ATIVO
2026;586.693;Longarina 3 lugares;1301;740.38;Ativo
2026;208849;Scanner de mesa;1501;1.159,22;ATIVO
2026;697945;Mesa de escritório em L;1202;1.133,03;Ativo
2026;707429;Armário de aço 2 portas;1501;641,63;ATIVO
2026;527324;Notebook;9001;5.628,70;ATIVO
2026;119906;Cadeira giratória com braços;9002;656,03;ATIVO
2026;468956;Cadeira giratória com braços;1401;695,92;ATIVO
2026;402969;Cadeira giratória com braços;1601;809,75;ATIVO
2026;937263;Gaveteiro volante;9002;240,97;ATIVO
2026;791018;Cadeira giratória com braços;1301;477,77;ATIVO
2026;734824;Nobreak 1500VA;1201;803,05;ATIVO
2026;120.389;Cadeira giratória com braços;1201;407,59;ATIVO
2026;535234;Mesa de escritório em L;1101;1.298,74;ATIVO
2026;598.041;Estação de trabalho;9001;3.325,94;ATIVO
2026;00419265;Condicionador de ar split;1601;2.956,25;ATIVO
2026;829292;Monitor LED 24 polegadas;1401;941,38;ATIVO
2026;303396;Nobreak 1500VA;1601;553,99;ATIVO
2026;114321;Scanner de mesa;1301;2.401,11;ATIVO
2026;527435;Longarina 3 lugares;9002;760,60;ATIVO
2026;729901;Estação de trabalho;9001;4.434,41;ATIVO
2026;883602;Longarina 3 lugares;1601;428,88;Ativo
2026;360349;Cadeira giratória com braços;1501;589,14;ATIVO
2026;202.354;Longarina 3 lugares;1301;447,75;ATIVO
2026;682693;Gaveteiro volante;1202;241,93;ATIVO
2026;944796;Monitor LED 24 polegadas;9002;929,98;Ativo
2026;708.349;Estação de trabalho;9001;3.186,47;ATIVO
2026;380949;Gaveteiro volante;1301;592.44;ATIVO
2026;970427;Scanner de mesa;1202;1095.04;ATIVO
2026;912256;Monitor LED 24 polegadas;1501;1.160,07;ATIVO
2026;978697;Notebook;9002;5.675,81;ATIVO
2026;653176;Estação de trabalho;1301;4.582,79;ATIVO
2026;578639;Cadeira giratória com braços;1701;574,48;ATIVO
2026;813848;Monitor LED 24 polegadas;1102;909.97;ATIVO
2026;490496;Notebook;9001;3.705,32;ATIVO
2026;00134744;Cadeira giratória com braços;9001;520,60;ATIVO
2026;919014;Nobreak 1500VA;1102;560,08;ATIVO
2026;603288;Gaveteiro volante;1301;323,36;Ativo
2026;962186;Estação de trabalho;1701;4.191,74;ATIVO
2026;943134;Impressora multifuncional;9002;3.492,08;ATIVO
2026;784561;Mesa de escritório em L;9001;431,44;ATIVO
2026;487505;Estação de trabalho;9002;4.844,21;Ativo
2026;651240;Cadeira giratória com braços;9002;570,74;ATIVO
2026;409920;Gaveteiro volante;1201;554,37;ATIVO
2026;488901;Nobreak 1500VA;1201;690,87;ATIVO
2026;111877;Gaveteiro volante;1302;232,94;Ativo
2026;161380;Notebook;9002;4446.42;ATIVO
2026;255155;Armário de aço 2 portas;1301;660,81;ATIVO
2026;139972;Monitor LED 24 polegadas;1101;1.117,81;ATIVO
2026;379081;Mesa de escritório em L;1302;1.337,40;ATIVO
2026;113781;Longarina 3 lugares;1601;487,27;ATIVO
2026;579548;Notebook;9001;4.002,94;Ativo
2026;689000;Gaveteiro volante;1102;534,07;ATIVO
2026;853107;Estação de trabalho;9001;2.425,55;ATIVO
2026;891738;Cadeira giratória com braços;1201;566,72;ATIVO
2026;698542;Nobreak 1500VA;9001;1.061,08;ATIVO
2026;630104;Estação de trabalho;9001;2.572,46;ATIVO
2026;00740263;Nobreak 1500VA;1101;958.88;ATIVO
2026;00997188;Estação de trabalho;1302;4.822,79;ATIVO
2026;964532;Monitor LED 24 polegadas;1101;1.131,82;ATIVO
2026;288190;Notebook;1701;3.888,38;Ativo
2026;709743;Estação de trabalho;1205;2.823,51;ATIVO
2026;476419;Estação de trabalho;9002;4.065,13;Ativo
2026;509239;Monitor LED 24 polegadas;9001;1.025,05;ATIVO
2026;253690;Armário de aço 2 portas;9002;1.537,16;ATIVO
2026;100932;Nobreak 1500VA;1302;412,93;ATIVO
2026;412116;Mesa de escritório em L;1302;946,71;ATIVO
2026;568577;Notebook;9001;2.847,64;ATIVO
2026;500273;Armário de aço 2 portas;1701;657,10;ATIVO
2026;00514992;Monitor LED 24 polegadas;9001;736,69;ATIVO
2026;00480267;Estação de trabalho;9001;3534.99;Ativo
2026;836403;Cadeira giratória com braços;1301;714,00;ATIVO
2026;813511;Estação de trabalho;1102;4.209,30;ATIVO
2026;611786;Notebook;9001;5.401,02;ATIVO
2026;789351;Estação de trabalho;1302;3.962,31;ATIVO
2026;731810;Longarina 3 lugares;1701;786,69;Ativo
2026;464.391;Scanner de mesa;9002;900,49;ATIVO
2026;771359;Impressora multifuncional;1501;1.140,66;ATIVO
2026;812711;Monitor LED 24 polegadas;9001;767.81;ATIVO
2026;654560;Monitor LED 24 polegadas;1202;937,55;ATIVO
2026;772011;Condicionador de ar split;1302;2.146,21;ATIVO
2026;471519;Armário de aço 2 portas;1501;1.256,02;ATIVO
2026;578518;Cadeira giratória com braços;9002;647,65;ATIVO
2026;982885;Cadeira giratória com braços;1302;503,22;ATIVO
2026;444898;Notebook;1501;4219.26;ATIVO
2026;741267;Estação de trabalho;1502;4.409,74;ATIVO
2026;315795;Mesa de escritório em L;9002;1.244,51;ATIVO
2026;413121;Monitor LED 24 polegadas;9001;713,93;ATIVO
2026;658955;Notebook;9001;4.243,56;ATIVO
2026;594787;Cadeira giratória com braços;1202;771,46;Ativo
2026;939069;Longarina 3 lugares;1401;426,35;ATIVO
2026;175314;Condicionador de ar split;1502;3.984,73;Ativo
2026;190968;Mesa de escritório em L;1502;856,19;ATIVO
2026;652.135;Nobreak 1500VA;1601;691,26;ATIVO
2026;297229;Estação de trabalho;9001;3.953,13;ATIVO
2026;333859;Cadeira giratória com braços;1201;253,08;ATIVO
2026;504524;Mesa de escritório em L;1601;546,16;Ativo
2026;506860;Estação de trabalho;1201;3.424,74;ATIVO
2026;313136;Mesa de escritório em L;1101;915,09;ATIVO
2026;740404;Estação de trabalho;1202;3.654,56;BAIXADO
2026;00568374;Estação de trabalho;9002;3.685,10;ATIVO
2026;236391;Cadeira giratória com braços;1701;573,98;ATIVO
2026;183129;Cadeira giratória com braços;1101;324,21;ATIVO
2026;803047;Monitor LED 24 polegadas;9002;1.189,50;ATIVO
2026;806282;Mesa de escritório em L;1205;744,81;ATIVO
2026;298727;Cadeira giratória com braços;1202;679,70;ATIVO
2026;660517;Monitor LED 24 polegadas;1501;677,47;ATIVO
2026;161905;Impressora multifuncional;1401;3.443,54;ATIVO
2026;466085;Notebook;9001;4.916,90;Ativo
2026;206.490;Cadeira giratória com braços;1101;514,77;ATIVO
2026;526521;Cadeira giratória com braços;1601;767,65;ATIVO
2026;814342;Mesa de escritório em L;1601;808,16;ATIVO
2026;422698;Cadeira giratória com braços;1102;516,14;ATIVO
2026;272654;Armário de aço 2 portas;1102;676,67;ATIVO
2026;385435;Gaveteiro volante;1101;550,43;ATIVO
2026;00769794;Cadeira giratória com braços;1102;695.69;ATIVO
2026;269849;Monitor LED 24 polegadas;9001;867,61;Ativo
2026;806242;Cadeira giratória com braços;1302;562,27;ATIVO
2026;378776;Cadeira giratória com braços;1701;765,27;ATIVO
2026;561953;Scanner de mesa;1601;1.935,69;ATIVO
2026;157282;Monitor LED 24 polegadas;1401;909,50;Ativo
2026;593456;Mesa de escritório em L;1302;566.23;ATIVO
2026;481907;Cadeira giratória com braços;1502;402,92;ATIVO
2026;279100;Impressora multifuncional;9002;1.299,25;ATIVO
2026;144060;Estação de trabalho;1101;3.214,02;BAIXADO
2026;743680;Estação de trabalho;1301;4.177,99;ATIVO
2026;703208;Condicionador de ar split;1502;3.664,85;ATIVO
2026;377724;Impressora multifuncional;1601;2.458,19;ATIVO
2026;480616;Monitor LED 24 polegadas;9001;578,93;Ativo
2026;594736;Cadeira giratória com braços;1101;518,71;Ativo
2026;667830;Cadeira giratória com braços;1601;732,16;Ativo
2026;717717;Cadeira giratória com braços;1101;472,30;ATIVO
2026;00696210;Monitor LED 24 polegadas;1601;720,24;ATIVO
2026;310033;Gaveteiro volante;9002;580.71;ATIVO
2026;685855;Longarina 3 lugares;1201;526,78;Ativo
2026;633971;Mesa de escritório em L;1701;881,42;ATIVO
2026;892473;Mesa de escritório em L;1502;1.241,52;Ativo
2026;290.523;Impressora multifuncional;1202;1.420,60;ATIVO
2026;231087;Monitor LED 24 polegadas;1501;929,43;ATIVO
2026;115983;Cadeira giratória com braços;1502;682,11;ATIVO
2026;211888;Nobreak 1500VA;9001;1.018,44;ATIVO
2026;901092;Cadeira giratória com braços;1201;778,86;ATIVO
2026;686069;Nobreak 1500VA;9002;568,33;Ativo
2026;867794;Mesa de escritório em L;1302;1447.58;ATIVO
2026;779980;Monitor LED 24 polegadas;9001;1.025,40;Ativo
2026;234156;Estação de trabalho;1202;3.527,46;ATIVO
2026;883109;Estação de trabalho;1401;3.821,85;ATIVO
2026;345453;Longarina 3 lugares;1202;450,29;Ativo
2026;752391;Cadeira giratória com braços;1201;791,34;ATIVO
2026;874479;Estação de trabalho;1102;3.250,62;ATIVO
2026;564617;Estação de trabalho;1401;2.572,28;ATIVO
2026;668115;Notebook;1201;4.582,77;ATIVO
2026;341382;Cadeira giratória com braços;1601;540,96;ATIVO
2026;379266;Armário de aço 2 portas;1502;1.084,07;ATIVO
2026;949158;Estação de trabalho;1501;4.479,04;ATIVO
2026;805381;Estação de trabalho;1401;3.674,63;ATIVO
2026;975187;Cadeira giratória com braços;1501;842,85;Ativo
2026;825022;Estação de trabalho;9001;2.815,42;Ativo
2026;298383;Armário de aço 2 portas;9002;705,09;ATIVO
2026;862669;Mesa de escritório em L;1202;1.290,96;ATIVO
2026;303190;Estação de trabalho;1301;3.577,69;ATIVO
2026;591292;Gaveteiro volante;1101;444,44;ATIVO
2026;518658;Armário de aço 2 portas;1601;966.00;ATIVO
2026;845463;Gaveteiro volante;1401;428,58;ATIVO
2026;970486;Mesa de escritório em L;1401;910,80;ATIVO
2026;614244;Gaveteiro volante;9001;227,72;ATIVO
2026;773090;Cadeira giratória com braços;1301;424,49;ATIVO
2026;931208;Monitor LED 24 polegadas;1401;1.162,45;ATIVO
2026;480806;Armário de aço 2 portas;1301;1.461,26;ATIVO
2026;988611;Nobreak 1500VA;1102;1.007,83;ATIVO
2026;161018;Monitor LED 24 polegadas;9001;946,21;ATIVO
2026;468631;Impressora multifuncional;1201;2.634,95;Ativo
2026;981936;Armário de aço 2 portas;1301;721,13;ATIVO
2026;787899;Monitor LED 24 polegadas;9001;602,96;ATIVO
2026;430923;Cadeira giratória com braços;1501;579.46;ATIVO
2026;831847;Notebook;9001;4.713,57;ATIVO
2026;472203;Gaveteiro volante;9002;471,01;Ativo
2026;792517;Cadeira giratória com braços;9002;456,50;ATIVO
2026;00319595;Gaveteiro volante;1201;490,29;ATIVO
2026;645567;Nobreak 1500VA;1502;780,36;ATIVO
2026;191.179;Monitor LED 24 polegadas;1302;597,61;ATIVO
2026;00707498;Cadeira giratória com braços;1501;454,61;ATIVO
2026;347840;Mesa de escritório em L;1101;565,17;ATIVO
2026;00763321;Notebook;1102;3.049,57;Ativo
2026;483900;Impressora multifuncional;9002;3.379,66;Ativo
2026;468281;Scanner de mesa;1201;1.100,80;BAIXADO
2026;891595;Monitor LED 24 polegadas;1701;911,08;ATIVO
2026;183963;Notebook;9001;2.739,91;ATIVO
2026;996515;Notebook;9001;4817.16;ATIVO
2026;733755;Monitor LED 24 polegadas;1701;1.125,57;ATIVO
2026;766.234;Monitor LED 24 polegadas;9001;583,14;ATIVO
2026;287042;Mesa de escritório em L;1101;1.398,71;ATIVO
2026;835118;Gaveteiro volante;1102;293,89;ATIVO
2026;383736;Condicionador de ar split;9002;4.474,11;ATIVO
2026;627196;Notebook;9002;2.771,21;Ativo
2026;555117;Monitor LED 24 polegadas;1302;808,20;ATIVO
2026;674301;Longarina 3 lugares;1501;989,56;ATIVO
2026;507.366;Impressora multifuncional;9002;2.846,50;ATIVO
2026;765.126;Nobreak 1500VA;9001;543,16;ATIVO
2026;666429;Cadeira giratória com braços;1201;580,25;ATIVO
2026;286021;Monitor LED 24 polegadas;1302;1.114,65;ATIVO
2026;00515624;Cadeira giratória com braços;1101;512,36;Ativo
2026;676611;Armário de aço 2 portas;1601;1.446,33;ATIVO
2026;517070;Armário de aço 2 portas;1501;866,12;ATIVO
2026;891527;Condicionador de ar split;1201;4.024,02;ATIVO
2026;531562;Mesa de escritório em L;1201;450,82;ATIVO
2026;889986;Longarina 3 lugares;1302;867,40;ATIVO
2026;566274;Notebook;9001;5.986,81;ATIVO
2026;475993;Notebook;9001;3048.34;ATIVO
2026;905520;Monitor LED 24 polegadas;1301;900,55;ATIVO
2026;927669;Gaveteiro volante;9002;408,16;ATIVO
2026;171316;Cadeira giratória com braços;1102;288,36;ATIVO
2026;779866;Mesa de escritório em L;1201;983,37;ATIVO
2026;00357840;Gaveteiro volante;1601;698,33;ATIVO
2026;808453;Mesa de escritório em L;1501;1.228,64;ATIVO
2026;470.296;Armário de aço 2 portas;1302;1.241,09;ATIVO
2026;426912;Armário de aço 2 portas;1501;1.065,01;ATIVO
2026;470523;Monitor LED 24 polegadas;1201;678,36;ATIVO
2026;574817;Notebook;1401;5.348,93;ATIVO
2026;394145;Condicionador de ar split;1501;2.436,00;Ativo
2026;495570;Monitor LED 24 polegadas;9001;1.006,79;ATIVO
2026;732645;Notebook;9001;4.763,80;ATIVO
2026;579058;Impressora multifuncional;1601;2977.27;ATIVO
2026;635445;Armário de aço 2 portas;9002;1.115,96;ATIVO
2026;243028;Monitor LED 24 polegadas;9001;1.126,02;ATIVO
2026;663171;Scanner de mesa;1202;972,03;ATIVO
2026;578988;Condicionador de ar split;1202;3.550,75;ATIVO
2026;900717;Monitor LED 24 polegadas;9001;1185.11;ATIVO
2026;834626;Impressora multifuncional;1201;2.481,17;ATIVO
2026;508973;Nobreak 1500VA;1101;910,68;ATIVO
2026;291682;Cadeira giratória com braços;1501;303,95;ATIVO
2026;661.262;Notebook;9001;3.642,94;ATIVO
2026;287953;Armário de aço 2 portas;1201;1588.56;ATIVO
2026;763374;Mesa de escritório em L;1301;1.112,06;ATIVO
2026;988364;Monitor LED 24 polegadas;1301;586,73;BAIXADO
2026;800729;Impressora multifuncional;1701;1.343,73;ATIVO
2026;376016;Cadeira giratória com braços;1601;768,96;ATIVO
2026;00213620;Mesa de escritório em L;1502;968,46;ATIVO
2026;00530759;Cadeira giratória com braços;1201;712,88;ATIVO
2026;929582;Gaveteiro volante;1101;371,07;ATIVO
2026;560571;Armário de aço 2 portas;9002;1.242,43;ATIVO
2026;340695;Condicionador de ar split;1501;2.088,24;ATIVO
2026;921554;Longarina 3 lugares;9002;721,85;ATIVO
2026;512678;Estação de trabalho;1201;4.584,84;ATIVO
2026;479084;Mesa de escritório em L;1102;745,95;ATIVO
2026;413326;Armário de aço 2 portas;1401;942,81;ATIVO
2026;780522;Monitor LED 24 polegadas;1102;945,01;Ativo
2026;552827;Gaveteiro volante;1301;592,05;Ativo
2026;427201;Estação de trabalho;1301;2.824,15;ATIVO
2026;642873;Condicionador de ar split;1101;3.765,64;ATIVO
2026;123912;Monitor LED 24 polegadas;1202;1.162,64;ATIVO
2026;985.341;Nobreak 1500VA;1101;749,39;ATIVO
2026;480009;Notebook;9002;4.478,17;ATIVO
2026;483997;Estação de trabalho;1401;2.920,26;ATIVO
2026;415773;Longarina 3 lugares;1101;589,12;ATIVO
2026;296891;Notebook;1201;4.813,42;ATIVO
2026;416756;Monitor LED 24 polegadas;1401;690,63;ATIVO
2026;389704;Nobreak 1500VA;1101;758,17;ATIVO
2026;103.446;Longarina 3 lugares;1501;711,22;ATIVO
2026;00916953;Longarina 3 lugares;1601;540,42;ATIVO
2026;211556;Cadeira giratória com braços;1302;464,90;ATIVO
2026;809437;Armário de aço 2 portas;1401;868,81;ATIVO
2026;128344;Cadeira giratória com braços;1301;326,40;ATIVO
2026;625132;Gaveteiro volante;1205;414,23;ATIVO
2026;211453;Notebook;9001;3.898,18;ATIVO
2026;690.510;Condicionador de ar split;1502;3.294,63;ATIVO
2026;848989;Estação de trabalho;9001;3.158,01;ATIVO
2026;776701;Cadeira giratória com braços;1601;524,50;ATIVO
2026;616265;Cadeira giratória com braços;1202;289,83;ATIVO
2026;117456;Gaveteiro volante;1301;192,93;Ativo
2026;725105;Estação de trabalho;1502;3.700,93;ATIVO
2026;180664;Mesa de escritório em L;1601;1.056,45;ATIVO
2026;278480;Cadeira giratória com braços;1601;271,58;ATIVO
2026;519098;Impressora multifuncional;1401;1.457,18;ATIVO
2026;200356;Mesa de escritório em L;9001;597,45;ATIVO
2026;152554;Cadeira giratória com braços;1302;346,30;ATIVO
2026;471834;Monitor LED 24 polegadas;1202;1.179,78;ATIVO
2026;574542;Monitor LED 24 polegadas;1401;581,41;ATIVO
2026;651320;Estação de trabalho;1202;2.495,04;ATIVO
2026;961401;Nobreak 1500VA;9001;957,02;ATIVO
2026;515248;Scanner de mesa;1202;1.303,00;Ativo
2026;493448;Condicionador de ar split;1205;2.898,99;ATIVO
2026;196007;Mesa de escritório em L;1401;624.97;ATIVO
2026;486997;Monitor LED 24 polegadas;9001;880,46;ATIVO
2026;101823;Cadeira giratória com braços;1201;605,15;ATIVO
2026;00112905;Gaveteiro volante;9001;353,80;ATIVO
2026;518161;Impressora multifuncional;1302;3.386,56;ATIVO
2026;360680;Estação de trabalho;9002;3.886,20;ATIVO
2026;609257;Monitor LED 24 polegadas;9002;1.034,51;ATIVO
2026;915269;Cadeira giratória com braços;9002;538,91;ATIVO
2026;301779;Cadeira giratória com braços;1201;635,66;Ativo
2026;854595;Condicionador de ar split;9002;2.226,57;ATIVO
2026;609194;Notebook;1202;4.981,17;Ativo
2026;310841;Scanner de mesa;1102;1.003,08;ATIVO
2026;208984;Nobreak 1500VA;1701;917,68;ATIVO
2026;346188;Cadeira giratória com braços;1102;574.25;ATIVO
2026;989652;Cadeira giratória com braços;1202;805.70;ATIVO
2026;511065;Monitor LED 24 polegadas;1301;673,65;ATIVO
2026;286823;Cadeira giratória com braços;1301;310,71;ATIVO
2026;178529;Armário de aço 2 portas;9002;713,67;ATIVO
2026;634468;Cadeira giratória com braços;1102;758,11;Ativo
2026;741953;Gaveteiro volante;9001;368,24;Ativo
2026;750963;Estação de trabalho;1201;2.786,21;ATIVO
2026;382297;Mesa de escritório em L;1202;729,53;ATIVO
2026;341642;Gaveteiro volante;9002;569,18;ATIVO
2026;396387;Armário de aço 2 portas;9002;808,74;ATIVO
2026;501.571;Estação de trabalho;1101;3.939,08;ATIVO
2026;413444;Monitor LED 24 polegadas;1201;956,86;ATIVO
2026;415533;Estação de trabalho;9001;4253.38;ATIVO
2026;918081;Armário de aço 2 portas;1401;1.308,02;Ativo
2026;483982;Notebook;9001;4.557,19;Ativo
2026;962895;Gaveteiro volante;1201;596,48;ATIVO
2026;421732;Estação de trabalho;1102;3.748,74;ATIVO
2026;222257;Impressora multifuncional;9001;1.350,52;ATIVO
2026;893.830;Impressora multifuncional;1101;2.566,62;ATIVO
2026;254.026;Condicionador de ar split;1501;4.152,38;ATIVO
2026;855779;Estação de trabalho;1302;3000.63;ATIVO
2026;984648;Monitor LED 24 polegadas;1102;696,95;Ativo
2026;295648;Condicionador de ar split;1701;3.401,76;ATIVO
2026;917653;Longarina 3 lugares;1501;517,52;ATIVO
2026;797077;Monitor LED 24 polegadas;9001;975,69;Ativo
2026;00189120;Mesa de escritório em L;1501;478,34;ATIVO
2026;547635;Condicionador de ar split;1101;1.985,66;Ativo
2026;538544;Estação de trabalho;1201;4.282,01;ATIVO
2026;209475;Nobreak 1500VA;1701;492,19;ATIVO
2026;353901;Estação de trabalho;9001;2.403,19;ATIVO
2026;383015;Estação de trabalho;1501;2.805,99;ATIVO
2026;102226;Cadeira giratória com braços;1102;386,48;ATIVO
2026;00795445;Condicionador de ar split;1302;2.668,51;ATIVO
2026;829567;Condicionador de ar split;9002;3.899,14;ATIVO
2026;883375;Cadeira giratória com braços;9001;355,87;ATIVO
2026;746125;Gaveteiro volante;1701;538,34;ATIVO
2026;206563;Notebook;9001;3.673,61;ATIVO
2026;969541;Monitor LED 24 polegadas;1101;1.245,34;ATIVO
2026;740747;Condicionador de ar split;1501;2.892,87;ATIVO
2026;465372;Monitor LED 24 polegadas;9002;579,67;Ativo
2026;354439;Monitor LED 24 polegadas;1101;1.130,54;ATIVO
2026;491820;Cadeira giratória com braços;1101;506,59;Ativo
2026;632997;Notebook;9002;3.640,38;Ativo
2026;409786;Estação de trabalho;1202;2.562,75;ATIVO
2026;557936;Monitor LED 24 polegadas;9001;1059.01;ATIVO
2026;414605;Monitor LED 24 polegadas;1501;729,50;ATIVO
2026;324835;Armário de aço 2 portas;1101;643,61;ATIVO
2026;505601;Monitor LED 24 polegadas;9001;997,98;ATIVO
2026;789426;Armário de aço 2 portas;1502;1.184,92;ATIVO
2026;732644;Cadeira giratória com braços;9002;464.18;ATIVO
2026;935726;Armário de aço 2 portas;9002;919,20;ATIVO
2026;995251;Cadeira giratória com braços;1102;520.97;ATIVO
2026;537257;Nobreak 1500VA;9002;1.062,32;ATIVO
2026;506853;Notebook;9001;4.242,18;ATIVO
2026;540749;Cadeira giratória com braços;1501;508,65;ATIVO
2026;909586;Scanner de mesa;1201;1.535,23;ATIVO
2026;123885;Notebook;9001;3.160,86;ATIVO
2026;513222;Monitor LED 24 polegadas;1601;1.007,96;ATIVO
2026;739907;Nobreak 1500VA;1601;773,83;ATIVO
2026;786690;Cadeira giratória com braços;1101;784,15;ATIVO
2026;292040;Mesa de escritório em L;1302;1.076,55;ATIVO
2026;262610;Condicionador de ar split;1301;2160.10;ATIVO
2026;976984;Cadeira giratória com braços;1202;331,06;Ativo
2026;854942;Impressora multifuncional;9001;2.406,78;ATIVO
2026;990565;Nobreak 1500VA;1202;419,54;ATIVO
2026;949920;Monitor LED 24 polegadas;9001;1.158,96;ATIVO
2026;210681;Monitor LED 24 polegadas;9002;923,30;ATIVO
2026;784765;Cadeira giratória com braços;1701;809,73;ATIVO
2026;392833;Gaveteiro volante;1101;497,01;ATIVO
2026;335697;Longarina 3 lugares;9002;475,28;ATIVO
2026;733651;Armário de aço 2 portas;1701;698,27;ATIVO
2026;261682;Monitor LED 24 polegadas;1202;637,55;ATIVO
2026;904733;Notebook;9001;2977.61;Ativo
2026;608988;Estação de trabalho;9002;4.572,58;ATIVO
2026;350775;Cadeira giratória com braços;1202;493,94;ATIVO
2026;00299399;Monitor LED 24 polegadas;1301;1.150,29;ATIVO
2026;384568;Armário de aço 2 portas;1601;1.621,12;ATIVO
2026;691865;Longarina 3 lugares;9001;742,36;ATIVO
2026;648512;Mesa de escritório em L;1201;1.435,79;ATIVO
2026;876469;Nobreak 1500VA;9001;491.88;ATIVO
2026;978234;Scanner de mesa;9002;810,98;ATIVO
2026;682643;Monitor LED 24 polegadas;1701;1.190,72;ATIVO
2026;00398658;Estação de trabalho;9001;3.860,32;Ativo
2026;125905;Nobreak 1500VA;1101;1.020,93;ATIVO
2026;923127;Mesa de escritório em L;1502;1.060,45;ATIVO
2026;593336;Gaveteiro volante;9001;333,46;ATIVO
2026;533371;Notebook;9001;3.335,88;ATIVO
2026;873499;Mesa de escritório em L;9002;1.026,39;ATIVO
2026;642946;Armário de aço 2 portas;1202;897,12;ATIVO
2026;440740;Scanner de mesa;9001;1016.36;ATIVO
2026;547004;Mesa de escritório em L;1102;992,21;ATIVO
2026;616.316;Mesa de escritório em L;9001;1.146,20;ATIVO
2026;757296;Armário de aço 2 portas;1301;666,17;ATIVO
2026;524381;Estação de trabalho;1202;4.482,12;ATIVO
2026;742654;Monitor LED 24 polegadas;1301;1015.80;ATIVO
2026;582270;Scanner de mesa;9001;1.683,11;ATIVO
2026;760.955;Estação de trabalho;1502;2.626,14;ATIVO
2026;476184;Cadeira giratória com braços;1102;444,09;ATIVO
2026;215514;Cadeira giratória com braços;9002;515,07;ATIVO
2026;812249;Monitor LED 24 polegadas;9002;727,17;ATIVO
2026;348248;Armário de aço 2 portas;1501;909,64;ATIVO
2026;682884;Gaveteiro volante;1101;217,19;ATIVO
2026;276601;Estação de trabalho;1401;3.413,57;ATIVO
2026;579119;Longarina 3 lugares;1201;662,90;ATIVO
2026;931.119;Cadeira giratória com braços;1101;523,46;ATIVO
2026;163926;Cadeira giratória com braços;1101;613,54;ATIVO
2026;895823;Longarina 3 lugares;1201;927,13;ATIVO
2026;00612542;Monitor LED 24 polegadas;9002;709.82;ATIVO
2026;437971;Notebook;1401;2.952,34;Ativo
2026;940198;Cadeira giratória com braços;1201;420,07;ATIVO
2026;541855;Cadeira giratória com braços;1202;800,20;ATIVO
2026;346664;Cadeira giratória com braços;1601;609,10;ATIVO
2026;744160;Estação de trabalho;9001;4.526,14;ATIVO
2026;183042;Longarina 3 lugares;1201;389,94;Ativo
2026;742322;Impressora multifuncional;1202;2.656,11;Ativo
2026;972423;Monitor LED 24 polegadas;1502;1.132,24;Ativo
2026;989862;Impressora multifuncional;1302;2.601,42;ATIVO
2026;765718;Notebook;1502;3.372,60;Ativo
2026;266279;Estação de trabalho;9001;3245.04;ATIVO
2026;991550;Monitor LED 24 polegadas;9001;1.021,90;ATIVO
2026;00666508;Mesa de escritório em L;1501;1.090,60;ATIVO
2026;628033;Estação de trabalho;9002;3303.89;ATIVO
2026;417427;Notebook;9002;4.832,51;ATIVO
2026;943571;Nobreak 1500VA;1501;795,65;ATIVO
2026;636631;Armário de aço 2 portas;9001;878,28;Ativo
2026;192020;Estação de trabalho;1401;3.995,11;ATIVO
2026;858329;Impressora multifuncional;1101;1.949,75;ATIVO
2026;398414;Nobreak 1500VA;1201;595,51;Ativo
2026;561827;Longarina 3 lugares;1202;808,74;ATIVO
2026;00681522;Cadeira giratória com braços;1601;439,02;ATIVO
2026;714123;Longarina 3 lugares;1102;597.63;ATIVO
2026;967548;Estação de trabalho;1202;4.096,55;ATIVO
2026;385297;Estação de trabalho;1201;4.388,92;Ativo
2026;727825;Armário de aço 2 portas;9002;844,97;ATIVO
2026;00340001;Estação de trabalho;9001;2.792,85;ATIVO
2026;596018;Mesa de escritório em L;9001;1.223,71;ATIVO
2026;179432;Monitor LED 24 polegadas;1401;966,23;ATIVO
2026;499894;Condicionador de ar split;1101;3.623,74;Ativo
2026;821336;Gaveteiro volante;1102;272,98;ATIVO
2026;909812;Monitor LED 24 polegadas;1101;1228.68;BAIXADO
2026;780440;Condicionador de ar split;1102;3.147,61;ATIVO
2026;687506;Notebook;9001;5.098,22;ATIVO
2026;00129708;Armário de aço 2 portas;1601;1.169,45;ATIVO
2026;886909;Cadeira giratória com braços;9002;715,47;ATIVO
2026;327.010;Estação de trabalho;9001;4.039,91;ATIVO
2026;145623;Cadeira giratória com braços;9002;705,62;Ativo
2026;186635;Armário de aço 2 portas;1202;758,94;ATIVO
2026;421922;Estação de trabalho;1102;3.240,33;ATIVO
2026;955752;Nobreak 1500VA;1102;452,69;ATIVO
2026;141191;Monitor LED 24 polegadas;9001;646,02;ATIVO
2026;353495;Gaveteiro volante;9002;556,78;ATIVO
2026;605.959;Nobreak 1500VA;9001;1.006,26;Ativo
2026;345066;Mesa de escritório em L;1202;697,76;Ativo
2026;359580;Cadeira giratória com braços;1302;459,64;Ativo
2026;695004;Notebook;9001;5.108,00;ATIVO
2026;101167;Cadeira giratória com braços;1501;328,22;ATIVO
2026;618420;Notebook;9001;3.811,61;ATIVO
2026;00454403;Mesa de escritório em L;9001;920,82;ATIVO
2026;900761;Mesa de escritório em L;1502;799,31;ATIVO
2026;210181;Condicionador de ar split;1301;3.540,27;ATIVO
2026;498946;Monitor LED 24 polegadas;9002;1.208,70;ATIVO
2026;753198;Gaveteiro volante;1701;483,65;Ativo
2026;483488;Mesa de escritório em L;9002;992,10;ATIVO
2026;163337;Nobreak 1500VA;9001;524,84;ATIVO
2026;619840;Armário de aço 2 portas;1101;1.468,28;ATIVO
2026;681698;Condicionador de ar split;9002;2.408,44;Ativo
2026;394492;Mesa de escritório em L;1501;1.550,67;Ativo
2026;722094;Estação de trabalho;9001;2507.00;ATIVO
2026;570006;Monitor LED 24 polegadas;1201;925,29;ATIVO
2026;104822;Cadeira giratória com braços;1101;376,34;ATIVO
2026;00854802;Cadeira giratória com braços;1601;423,97;ATIVO
2026;692756;Estação de trabalho;9001;4.237,58;Ativo
2026;282197;Cadeira giratória com braços;1601;590,33;Ativo
2026;920779;Cadeira giratória com braços;1401;692,03;ATIVO
2026;406455;Estação de trabalho;1701;4.466,18;ATIVO
2026;328339;Cadeira giratória com braços;1202;632,87;ATIVO
2026;996497;Nobreak 1500VA;1502;1.084,02;ATIVO
2026;861838;Estação de trabalho;1202;3.798,87;ATIVO
2026;899171;Estação de trabalho;1401;2.843,07;ATIVO
2026;606193;Monitor LED 24 polegadas;1601;1.023,72;Ativo
2026;209954;Estação de trabalho;9001;2912.31;ATIVO
2026;330682;Monitor LED 24 polegadas;1501;1.032,59;ATIVO
2026;550082;Monitor LED 24 polegadas;1202;1.152,35;ATIVO
2026;479799;Impressora multifuncional;1301;2.906,31;ATIVO
2026;679412;Cadeira giratória com braços;1601;947,40;BAIXADO
2026;854207;Impressora multifuncional;1302;2.088,15;ATIVO
2026;917274;Cadeira giratória com braços;1501;344,69;Ativo
2026;153190;Impressora multifuncional;1601;3.440,94;ATIVO
2026;387998;Gaveteiro volante;1302;316,05;ATIVO
2026;974610;Mesa de escritório em L;9001;861,41;Ativo
2026;955497;Estação de trabalho;1401;2.698,51;ATIVO
2026;491117;Gaveteiro volante;1101;319,64;Ativo
2026;127074;Nobreak 1500VA;9001;998.60;ATIVO
2026;611026;Monitor LED 24 polegadas;1102;1.103,86;ATIVO
2026;610602;Gaveteiro volante;1401;200,60;ATIVO
2026;146059;Armário de aço 2 portas;1401;1.228,66;ATIVO
2026;779114;Scanner de mesa;9001;1.071,31;ATIVO
2026;865118;Cadeira giratória com braços;1101;682,19;ATIVO
2026;538531;Gaveteiro volante;1201;586,89;ATIVO
2026;842159;Cadeira giratória com braços;9002;331,90;ATIVO
2026;533273;Armário de aço 2 portas;1401;1174.29;ATIVO
2026;785.329;Monitor LED 24 polegadas;1201;1.099,83;ATIVO
2026;458580;Nobreak 1500VA;9001;635,60;ATIVO
2026;553998;Monitor LED 24 polegadas;1102;1035.00;ATIVO
2026;193407;Monitor LED 24 polegadas;1202;1.015,84;ATIVO
2026;499203;Gaveteiro volante;9001;253,26;ATIVO
2026;574949;Monitor LED 24 polegadas;1401;948,77;Ativo
2026;700111;Condicionador de ar split;9002;3.809,17;ATIVO
2026;775677;Armário de aço 2 portas;9002;1.184,42;ATIVO
2026;452625;Mesa de escritório em L;1501;1.175,92;Ativo
2026;468312;Monitor LED 24 polegadas;9001;689,38;ATIVO
2026;670.292;Armário de aço 2 portas;1202;903.28;Ativo
2026;220027;Cadeira giratória com braços;1301;252,41;BAIXADO
2026;537803;Gaveteiro volante;9001;224,64;ATIVO
2026;751552;Mesa de escritório em L;1301;966,61;ATIVO
2026;452939;Monitor LED 24 polegadas;1302;920,69;ATIVO
2026;940941;Condicionador de ar split;1401;3.740,07;Ativo
2026;753377;Estação de trabalho;1502;2761.14;ATIVO
2026;750697;Scanner de mesa;1101;1.714,86;ATIVO
2026;317489;Cadeira giratória com braços;1302;444,11;ATIVO
2026;212663;Estação de trabalho;1201;3.624,55;ATIVO
2026;573404;Mesa de escritório em L;1101;824,67;ATIVO
2026;590821;Impressora multifuncional;9001;2271.23;ATIVO
2026;205941;Longarina 3 lugares;1201;362,26;ATIVO
2026;534166;Cadeira giratória com braços;1201;639,48;ATIVO
2026;409134;Mesa de escritório em L;1302;927,62;Ativo
2026;306659;Gaveteiro volante;1301;456,13;ATIVO
2026;559540;Estação de trabalho;9001;3.303,80;ATIVO
2026;228600;Longarina 3 lugares;1301;561,23;ATIVO
2026;635224;Cadeira giratória com braços;1302;615,84;ATIVO
2026;437626;Monitor LED 24 polegadas;1401;1.187,59;ATIVO
2026;160518;Notebook;1501;4.758,36;Ativo
2026;863383;Cadeira giratória com braços;1701;373,86;Ativo
2026;401.481;Notebook;9001;4.028,59;Ativo
2026;348543;Armário de aço 2 portas;1201;800,30;ATIVO
2026;308.869;Condicionador de ar split;1601;3.113,58;Ativo
2026;557073;Estação de trabalho;9002;3.539,73;ATIVO
2026;00314101;Notebook;9001;4.420,97;ATIVO
2026;514847;Armário de aço 2 portas;1201;918,88;ATIVO
2026;462358;Notebook;1502;3.099,95;Ativo
2026;403.477;Gaveteiro volante;1601;526,75;Ativo
2026;00955640;Monitor LED 24 polegadas;1401;966,66;ATIVO
2026;203273;Estação de trabalho;1101;4.075,01;ATIVO
2026;511736;Cadeira giratória com braços;1701;429,92;ATIVO
2026;293687;Monitor LED 24 polegadas;9001;917,71;ATIVO
2026;421201;Cadeira giratória com braços;1401;781,90;ATIVO
2026;253451;Gaveteiro volante;1401;421,27;ATIVO
2026;183647;Estação de trabalho;9001;3.698,58;ATIVO
2026;108660;Mesa de escritório em L;9001;575,61;Ativo
2026;562823;Mesa de escritório em L;1101;556,55;ATIVO
2026;381613;Notebook;9001;4.826,63;ATIVO
2026;571119;Estação de trabalho;1301;3.710,43;ATIVO
2026;487024;Condicionador de ar split;1202;2.258,71;ATIVO
2026;856141;Monitor LED 24 polegadas;9001;865.93;Ativo
2026;507297;Estação de trabalho;1501;3.147,86;Ativo
2026;869658;Armário de aço 2 portas;1202;798,99;ATIVO
2026;268359;Estação de trabalho;9001;4427.55;ATIVO
2026;00392584;Estação de trabalho;1101;2.896,60;ATIVO
2026;844046;Estação de trabalho;1501;4.086,23;Ativo
2026;985.401;Cadeira giratória com braços;1401;699,94;Ativo
2026;662791;Monitor LED 24 polegadas;9001;849,25;BAIXADO
2026;508017;Nobreak 1500VA;1302;524,75;ATIVO
2026;677618;Cadeira giratória com braços;1101;617,63;Ativo
2026;861565;Impressora multifuncional;1302;2.318,29;ATIVO
2026;294805;Condicionador de ar split;1301;3.019,79;ATIVO
2026;990059;Scanner de mesa;9002;1.349,15;Ativo
2026;528471;Longarina 3 lugares;1501;758,95;ATIVO
2026;251916;Mesa de escritório em L;1102;586,06;ATIVO
2026;827285;Condicionador de ar split;9001;2.949,53;ATIVO
2026;236504;Mesa de escritório em L;1401;841.23;ATIVO
2026;766521;Nobreak 1500VA;9001;795,77;ATIVO
2026;513915;Gaveteiro volante;1701;572,75;ATIVO
2026;108141;Estação de trabalho;1102;2.757,84;Ativo
2026;384413;Impressora multifuncional;1502;2.188,69;BAIXADO
2026;564909;Cadeira giratória com braços;9002;628,98;ATIVO
2026;760167;Monitor LED 24 polegadas;1502;816,15;ATIVO
2026;00229406;Gaveteiro volante;1101;378,25;ATIVO
2026;411550;Monitor LED 24 polegadas;9001;981,81;ATIVO
2026;951335;Mesa de escritório em L;9002;586,76;ATIVO
2026;953370;Gaveteiro volante;1202;245,27;ATIVO
2026;00146850;Monitor LED 24 polegadas;1501;565,48;ATIVO
2026;939677;Cadeira giratória com braços;1102;516.76;ATIVO
2026;632244;Cadeira giratória com braços;1501;455,04;ATIVO
2026;967152;Impressora multifuncional;1201;1.882,19;Ativo
2026;00302439;Gaveteiro volante;1502;327.57;ATIVO
2026;318983;Cadeira giratória com braços;1101;275,02;ATIVO
2026;829534;Cadeira giratória com braços;1502;743.50;ATIVO
2026;230030;Monitor LED 24 polegadas;9001;1381.75;ATIVO
2026;969760;Monitor LED 24 polegadas;1601;1.086,90;Ativo
2026;538914;Cadeira giratória com braços;1102;596,35;ATIVO
2026;818805;Scanner de mesa;1701;1.713,82;ATIVO
2026;00557624;Monitor LED 24 polegadas;9001;856,60;ATIVO
2026;219351;Longarina 3 lugares;9002;435,59;ATIVO
2026;793962;Armário de aço 2 portas;1302;1.044,62;ATIVO
2026;668752;Gaveteiro volante;1401;487,33;ATIVO
2026;413055;Cadeira giratória com braços;1102;770,06;Ativo
2026;604839;Longarina 3 lugares;1301;390,74;ATIVO
2026;867661;Notebook;9002;4.923,27;ATIVO
2026;262512;Impressora multifuncional;9002;1.419,97;ATIVO
2026;685.267;Mesa de escritório em L;1201;1.275,15;ATIVO
2026;870904;Scanner de mesa;1101;1.732,35;Ativo
2026;146765;Mesa de escritório em L;1401;763,34;ATIVO
2026;391263;Cadeira giratória com braços;1401;720,43;ATIVO
2026;506756;Estação de trabalho;1102;3.388,48;ATIVO
2026;875786;Gaveteiro volante;1102;409,80;ATIVO
2026;00254375;Monitor LED 24 polegadas;9001;1.085,52;ATIVO
2026;460609;Armário de aço 2 portas;1101;997,53;ATIVO
2026;443919;Condicionador de ar split;9002;1.730,64;Ativo
2026;924903;Gaveteiro volante;1102;367,98;ATIVO
2026;371108;Cadeira giratória com braços;1601;415,51;ATIVO
2026;311076;Longarina 3 lugares;1202;649,00;ATIVO
2026;514798;Monitor LED 24 polegadas;1401;1069.35;ATIVO
2026;293241;Cadeira giratória com braços;1501;444,12;ATIVO
2026;847685;Monitor LED 24 polegadas;1601;793,95;ATIVO
2026;439834;Armário de aço 2 portas;1501;1.450,24;ATIVO
2026;952050;Cadeira giratória com braços;1102;568,85;Ativo
2026;238.648;Condicionador de ar split;1701;3.251,53;ATIVO
2026;00484181;Estação de trabalho;9001;4.254,46;ATIVO
2026;841348;Armário de aço 2 portas;1101;811,13;Ativo
2026;00412861;Notebook;1501;3042.40;ATIVO
2026;405265;Scanner de mesa;1101;2.115,08;ATIVO
2026;469358;Nobreak 1500VA;9001;1063.46;ATIVO
2026;338433;Armário de aço 2 portas;1201;1.338,28;ATIVO
2026;247371;Cadeira giratória com braços;1601;722,22;ATIVO
2026;553403;Mesa de escritório em L;9002;995,78;ATIVO
2026;00585240;Cadeira giratória com braços;9001;370,30;ATIVO
2026;324235;Cadeira giratória com braços;1101;763,21;Ativo
2026;402202;Armário de aço 2 portas;1701;1.258,52;ATIVO
2026;304565;Cadeira giratória com braços;1701;250.46;ATIVO
2026;547037;Gaveteiro volante;1502;385,03;ATIVO
2026;00138176;Notebook;1201;2.771,96;ATIVO
2026;250772;Mesa de escritório em L;1102;620,83;ATIVO
2026;189894;Scanner de mesa;9001;825,45;ATIVO
2026;230239;Notebook;9001;4.706,67;Ativo
2026;792892;Mesa de escritório em L;1601;1.051,22;ATIVO
2026;815225;Impressora multifuncional;1301;1.334,84;ATIVO
2026;512160;Armário de aço 2 portas;1701;769,32;Ativo
2026;645950;Impressora multifuncional;1401;1362.19;ATIVO
2026;218347;Gaveteiro volante;1501;381,79;ATIVO
2026;715781;Condicionador de ar split;9002;3.595,57;ATIVO
2026;702847;Monitor LED 24 polegadas;1102;679,87;ATIVO
2026;763435;Armário de aço 2 portas;1101;1.565,25;ATIVO
2026;510481;Gaveteiro volante;1502;572,54;ATIVO
2026;347059;Estação de trabalho;9002;3.850,22;ATIVO
2026;460200;Nobreak 1500VA;9001;630,99;ATIVO
2026;397253;Scanner de mesa;1102;1.217,36;ATIVO
2026;00339085;Mesa de escritório em L;1102;1.108,88;Ativo
2026;857505;Notebook;1502;4.260,56;ATIVO
2026;919616;Scanner de mesa;1502;1.946,88;ATIVO
2026;713376;Monitor LED 24 polegadas;9001;861,31;ATIVO
2026;608.797;Cadeira giratória com braços;1201;527,26;ATIVO
2026;286086;Scanner de mesa;1201;1897.32;ATIVO
2026;304487;Nobreak 1500VA;9001;428,92;ATIVO
2026;854021;Notebook;9001;3.874,48;ATIVO
2026;626408;Armário de aço 2 portas;1101;890,12;Ativo
2026;372873;Notebook;1101;4.642,30;Ativo
2026;961250;Monitor LED 24 polegadas;1201;644,06;ATIVO
2026;787708;Condicionador de ar split;1501;1.626,34;ATIVO
2026;674429;Monitor LED 24 polegadas;9002;728,44;ATIVO
2026;766173;Longarina 3 lugares;1501;737,63;ATIVO
2026;757430;Monitor LED 24 polegadas;9001;1.279,86;Ativo
2026;202489;Notebook;1302;4.070,74;ATIVO
2026;428300;Monitor LED 24 polegadas;1401;839,22;Ativo
2026;430020;Estação de trabalho;9002;3.062,32;ATIVO
2026;429841;Estação de trabalho;1101;3679.62;ATIVO
2026;715729;Estação de trabalho;1302;4.226,54;ATIVO
2026;995885;Estação de trabalho;1701;4.494,44;BAIXADO
2026;799514;Armário de aço 2 portas;1101;1.386,00;ATIVO
2026;677311;Monitor LED 24 polegadas;1101;965,59;ATIVO
2026;387023;Cadeira giratória com braços;1201;761,76;ATIVO
2026;504766;Impressora multifuncional;9001;2.749,90;ATIVO
2026;142979;Monitor LED 24 polegadas;1201;1.315,32;ATIVO
2026;585291;Cadeira giratória com braços;1501;451,83;ATIVO
2026;756901;Estação de trabalho;9001;3.786,36;ATIVO
2026;653112;Cadeira giratória com braços;1101;717,02;ATIVO
2026;00401523;Estação de trabalho;1102;3.434,95;ATIVO
2026;907442;Estação de trabalho;9001;3.836,24;ATIVO
2026;561505;Notebook;1302;5.443,41;ATIVO
2026;672160;Scanner de mesa;9002;1.782,38;Ativo
2026;135393;Scanner de mesa;9001;2.437,27;Ativo
2026;208145;Scanner de mesa;1501;1.515,44;ATIVO
2026;482075;Monitor LED 24 polegadas;1401;891,03;ATIVO
2026;00653813;Armário de aço 2 portas;9002;926,08;ATIVO
2026;946021;Estação de trabalho;1102;2.640,75;ATIVO
2026;347117;Mesa de escritório em L;1201;1.172,72;ATIVO
2026;947546;Armário de aço 2 portas;1301;1.181,98;ATIVO
2026;823957;Impressora multifuncional;9001;1974.12;ATIVO
2026;514723;Estação de trabalho;9001;2.593,26;ATIVO
2026;612530;Mesa de escritório em L;1101;428,96;Ativo
2026;822658;Mesa de escritório em L;1301;1.069,97;Ativo
2026;709004;Gaveteiro volante;1202;621,32;ATIVO
2026;373647;Cadeira giratória com braços;1301;524,10;ATIVO
2026;868021;Notebook;9001;2.752,02;ATIVO
2026;00666005;Condicionador de ar split;1601;1.950,47;ATIVO
2026;237058;Estação de trabalho;1101;3.520,86;ATIVO
2026;699477;Gaveteiro volante;1101;368,87;ATIVO
2026;505068;Nobreak 1500VA;9001;939,68;ATIVO
2026;488674;Cadeira giratória com braços;1601;603,05;ATIVO
2026;436235;Monitor LED 24 polegadas;9001;866,46;Ativo
2026;103800;Cadeira giratória com braços;1401;680,34;Ativo
2026;910123;Armário de aço 2 portas;1201;1350.68;ATIVO
2026;409130;Estação de trabalho;1201;3.690,94;ATIVO
2026;577252;Estação de trabalho;1102;2.771,14;ATIVO
2026;307447;Cadeira giratória com braços;1201;330,03;ATIVO
2026;180433;Mesa de escritório em L;1601;424,32;ATIVO
2026;258208;Cadeira giratória com braços;1102;582,48;ATIVO
2026;00457108;Gaveteiro volante;1502;285,54;ATIVO
2026;602809;Gaveteiro volante;1502;398,89;Ativo
2026;431773;Estação de trabalho;1201;4.242,31;ATIVO
2026;660741;Cadeira giratória com braços;1301;701,82;ATIVO
2026;411605;Notebook;1601;3.543,01;Ativo
2026;169612;Cadeira giratória com braços;1202;732,10;ATIVO
2026;268940;Gaveteiro volante;9002;488,73;ATIVO
2026;154403;Monitor LED 24 polegadas;1101;847,88;ATIVO
2026;399857;Armário de aço 2 portas;1202;1.583,82;ATIVO
2026;268360;Estação de trabalho;9002;2.613,37;ATIVO
2026;749438;Armário de aço 2 portas;1401;657,69;ATIVO
2026;706985;Mesa de escritório em L;1502;765.03;ATIVO
2026;328499;Estação de trabalho;1401;3.039,49;ATIVO
2026;651262;Cadeira giratória com braços;1302;309,92;Ativo
2026;953511;Monitor LED 24 polegadas;1202;913,77;Ativo
2026;253410;Estação de trabalho;1502;3.177,90;Ativo
2026;184.069;Condicionador de ar split;1601;3.972,38;ATIVO
2026;150716;Cadeira giratória com braços;1301;586,02;Ativo
2026;583445;Gaveteiro volante;9002;526,91;ATIVO
2026;161270;Notebook;9001;5.466,72;ATIVO
2026;611550;Mesa de escritório em L;1301;511,58;ATIVO
2026;955172;Condicionador de ar split;1102;2.001,84;ATIVO
2026;589601;Mesa de escritório em L;1101;869,94;ATIVO
2026;659426;Cadeira giratória com braços;9002;306,18;ATIVO
2026;479517;Cadeira giratória com braços;1301;679.88;ATIVO
2026;764761;Cadeira giratória com braços;1701;740,53;ATIVO
2026;239872;Cadeira giratória com braços;1301;773,37;ATIVO
2026;393466;Cadeira giratória com braços;9002;625,81;ATIVO
2026;886007;Gaveteiro volante;1201;458,47;ATIVO
2026;921889;Monitor LED 24 polegadas;1302;989,64;Ativo
2026;139619;Impressora multifuncional;1201;1.268,51;ATIVO
2026;532649;Mesa de escritório em L;1601;890,41;ATIVO
2026;779938;Mesa de escritório em L;1301;1.113,91;ATIVO
2026;170586;Notebook;9001;4.748,96;ATIVO
2026;654698;Estação de trabalho;1501;4003.80;ATIVO
2026;918484;Nobreak 1500VA;1202;821,36;ATIVO
2026;662900;Estação de trabalho;9001;3281.80;ATIVO
2026;698986;Estação de trabalho;1601;4.186,81;ATIVO
2026;529512;Monitor LED 24 polegadas;9002;928,64;ATIVO
2026;328581;Mesa de escritório em L;1501;415,12;ATIVO
2026;810622;Nobreak 1500VA;9001;1.060,70;ATIVO
2026;339738;Cadeira giratória com braços;9002;425,49;ATIVO
2026;585285;Monitor LED 24 polegadas;9001;803,25;ATIVO
2026;846151;Monitor LED 24 polegadas;1202;696,24;ATIVO
2026;701601;Cadeira giratória com braços;1202;525,43;ATIVO
2026;881757;Estação de trabalho;1301;4745.87;ATIVO
2026;338777;Condicionador de ar split;1102;1.933,29;ATIVO
2026;142843;Nobreak 1500VA;9002;619,19;ATIVO
2026;176761;Cadeira giratória com braços;9001;459.61;ATIVO
2026;664847;Longarina 3 lugares;1201;905,63;ATIVO
2026;149073;Estação de trabalho;9002;4.200,41;ATIVO
2026;648029;Gaveteiro volante;9002;256,94;ATIVO
2026;522225;Impressora multifuncional;1601;1.663,56;Ativo
2026;00986017;Mesa de escritório em L;1102;1.076,71;ATIVO
2026;565956;Gaveteiro volante;9002;293,61;ATIVO
2026;909053;Cadeira giratória com braços;1601;786,69;Ativo
2026;570797;Gaveteiro volante;1302;591,48;ATIVO
2026;00741295;Mesa de escritório em L;9002;847,83;ATIVO
2026;869145;Cadeira giratória com braços;1201;460,48;ATIVO
2026;358788;Monitor LED 24 polegadas;1401;1.011,37;ATIVO
2026;729401;Monitor LED 24 polegadas;1301;948,81;Ativo
2026;00440294;Mesa de escritório em L;1301;827,16;ATIVO
2026;604474;Gaveteiro volante;1101;531,69;Ativo
2026;249967;Estação de trabalho;1301;2.418,95;ATIVO
2026;788560;Notebook;1101;5.515,97;Ativo
2026;977882;Condicionador de ar split;1101;3548.30;ATIVO
2026;816804;Nobreak 1500VA;1501;827,10;ATIVO
2026;618516;Estação de trabalho;9002;4.004,72;ATIVO
2026;922665;Cadeira giratória com braços;1302;484.48;ATIVO
2026;842607;Monitor LED 24 polegadas;1301;607.99;Ativo
2026;881807;Impressora multifuncional;9002;1.974,28;ATIVO
2026;975010;Estação de trabalho;1302;3.788,46;Ativo
2026;562324;Gaveteiro volante;9001;546,09;ATIVO
2026;479127;Cadeira giratória com braços;1501;524,84;ATIVO
2026;213409;Longarina 3 lugares;1101;747,43;ATIVO
2026;128750;Estação de trabalho;9002;3974.24;ATIVO
2026;914262;Monitor LED 24 polegadas;1601;1.131,12;BAIXADO
2026;990851;Estação de trabalho;1601;4.210,21;ATIVO
2026;884036;Mesa de escritório em L;1201;1.341,60;ATIVO
2026;742101;Cadeira giratória com braços;1302;505,16;ATIVO
2026;00836099;Scanner de mesa;1401;1.143,81;ATIVO
2026;270840;Estação de trabalho;1202;2.937,13;ATIVO
2026;515567;Nobreak 1500VA;1502;497.72;ATIVO
2026;337191;Gaveteiro volante;1401;512,17;ATIVO
2026;820231;Gaveteiro volante;1201;545.93;ATIVO
2026;724.489;Gaveteiro volante;1201;278,90;Ativo
2026;811649;Estação de trabalho;1302;4.293,59;ATIVO
2026;00897075;Armário de aço 2 portas;9002;958,72;ATIVO
2026;137036;Scanner de mesa;1501;815,82;ATIVO
2026;00772034;Gaveteiro volante;9002;257,70;ATIVO
2026;00190494;Notebook;1201;3.621,08;ATIVO
2026;820899;Mesa de escritório em L;1302;492,88;ATIVO
2026;569452;Monitor LED 24 polegadas;9001;1.167,94;ATIVO
2026;689654;Cadeira giratória com braços;1102;776,30;ATIVO
2026;500888;Monitor LED 24 polegadas;1102;1.076,41;ATIVO
2026;391889;Estação de trabalho;1102;4.314,77;ATIVO
2026;635461;Armário de aço 2 portas;1401;1.298,32;ATIVO
2026;932540;Longarina 3 lugares;1701;745,36;ATIVO
2026;854607;Condicionador de ar split;1401;2.234,95;Ativo
2026;597144;Mesa de escritório em L;1201;1.042,45;ATIVO
2026;278993;Mesa de escritório em L;1502;1.190,55;ATIVO
2026;275275;Estação de trabalho;9001;4306.07;Ativo
2026;119683;Cadeira giratória com braços;1202;487,03;ATIVO
2026;898301;Mesa de escritório em L;1102;650,63;ATIVO
2026;194414;Monitor LED 24 polegadas;1202;1.125,73;ATIVO
2026;136344;Estação de trabalho;1202;2.733,68;ATIVO
2026;768318;Mesa de escritório em L;9002;1.139,47;ATIVO
2026;167685;Mesa de escritório em L;1301;548,98;ATIVO
2026;404.992;Cadeira giratória com braços;9002;374,43;ATIVO
2026;441132;Estação de trabalho;1601;3.908,91;Ativo
2026;639255;Nobreak 1500VA;9001;985,35;ATIVO
2026;195207;Nobreak 1500VA;1302;531,16;ATIVO
